tank,date,dispersal,wattage,metacommunity,mean_amm,mean_nit,mean_pho,totalN,N:P
1,2018-06-06,high,100,1,1.3045470822701055,0.23423913449675665,0.4561265037495206,1.5387862167668622,3.366215268957649
1,2018-06-14,high,100,1,1.1945477151238513,4.343997062873193,0.20863326999866721,5.5385447779970445,26.420161160641424
1,2018-06-27,high,100,1,0.6730653258279603,3.6164686566475375,0.07406421556465118,4.289533982475498,57.144858574869346
1,2018-07-11,high,100,1,5.2127707541031665,8.260320698415656,0.7837111793895618,13.473091452518823,17.169490898549114
1,2018-07-25,high,100,1,1.2475411775033372,0,0.0316652913128976,1.2475411775033372,38.1916440160678
1,2018-08-08,high,100,1,0.03838779339119316,0.04073560864636597,0.3411452751192938,0.07912340203755913,0.23125674323566686
1,2018-08-22,high,100,1,1.8015101473748967,0.609681540904738,0.061387679673784286,2.4111916882796347,38.648523248298225
1,2018-09-05,high,100,1,0.22130230076917745,1.1554641698181678,0.8555025315005024,1.3767664705873452,1.607428372891549
10,2018-06-06,low,100,3,1.4396939281542371,0,0.30082146744802096,1.4396939281542371,4.770018316878597
10,2018-06-14,low,100,3,0.9881842340421714,4.892315715307626,0.3187553823256423,5.880499949349797,18.39062068816416
10,2018-06-27,low,100,3,0.9379055751032435,3.867273887744298,0.24789831049303196,4.8051794628475415,19.3057938132612
10,2018-07-11,low,100,3,0.5245627190358458,0.12989615505796762,0.4441360984841821,0.6544588740938134,1.470244440570954
10,2018-07-25,low,100,3,1.3757577353643715,0,0.23318299098495068,1.3757577353643715,5.87471246130246
10,2018-08-08,low,100,3,0.5139841033698704,2.960522844774851,0.6677640190157896,3.4745069481447217,5.195415496871533
10,2018-08-22,low,100,3,1.4929773801566384,0,0,1.4929773801566384,1492.9773801566384
10,2018-09-05,low,100,3,0.8854493617468638,1.2485626445928735,0.7066744887228553,2.1340120063397374,3.0155276759955028
11,2018-06-06,low,300,3,1.3397150374770286,0.13885868780439517,0.19580766706146577,1.4785737252814237,7.512785184429043
11,2018-06-14,low,300,3,1.1570521678460022,3.8996557477450304,0.20655929207627743,5.056707915591033,24.36271517891238
11,2018-06-27,low,300,3,0.7338486577270671,0.26782949108188864,0.1137706935606273,1.0016781488089557,8.727647431003996
11,2018-07-11,low,300,3,0.7915517391704203,0,0.47229876956185823,0.7915517391704203,1.6724145298395239
11,2018-07-25,low,300,3,1.4897280090186231,0.18165260692024693,0.41339924328805633,1.67138061593887,4.0332617469985665
11,2018-08-08,low,300,3,0.12146347205748576,0.33131479791913077,0.3322965012832919,0.4527782699766165,1.3584849172832112
11,2018-08-22,low,300,3,1.1224940671012582,0.4891911178010345,0.20257505132998305,1.6116851849022926,7.916909141728997
11,2018-09-05,low,300,3,0.42030012520651083,1.0775495997838869,0.2858236256928874,1.4978497249903977,5.222197862438991
12,2018-06-06,low,200,3,1.3796310717571523,0.006284694155029026,0.27015971407814177,1.3859157659121812,5.111068104728837
12,2018-06-14,low,200,3,0.9652438091903881,5.541700696372805,0.35981781553108505,6.506944505563194,18.033878110995353
12,2018-06-27,low,200,3,1.2078524107074715,0.990398753477416,0.07012651168583936,2.1982511641848874,30.906213619675363
12,2018-07-11,low,200,3,0.847477826212118,0.9087986882226422,1.168722425229436,1.7562765144347603,1.5014472464185462
12,2018-07-25,low,200,3,1.4897280090186231,0,0.1948337586593819,1.4897280090186231,7.60710522647804
12,2018-08-08,low,200,3,0.18197173781506737,0.19742555219804836,0.25114728374819645,0.37939729001311573,1.5046653859337062
12,2018-08-22,low,200,3,1.3794693111545895,0.3253241423799986,0.21349278332643115,1.704793453534588,7.948022432717963
12,2018-09-05,low,200,3,1.337734834754249,2.7151252208512435,0.42438133730239946,4.052860055605493,9.527592539219354
13,2018-06-06,none,300,4,1.3568219093113671,0,0.24335234791191943,1.3568219093113671,5.552727120921525
13,2018-06-14,none,300,4,0.9958477660901606,5.361612853088868,0.2763102971719402,6.357460619179029,22.925440144176193
13,2018-06-27,none,300,4,0.7432877381955839,3.359670726595943,0.4221670341844175,4.102958464791527,9.69583671067214
13,2018-07-11,none,300,4,0.43768322229824297,0.8266714324410693,0.7569267760826653,1.2643546547393123,1.6681752045680625
13,2018-07-25,none,300,4,1.7176685563271281,0.3869389585792623,1.0558499701695396,2.1046075149063905,1.9913966734263806
13,2018-08-08,none,300,4,0.18632276643397278,0.3342714203865509,0.2339988649616423,0.5205941868205237,2.2153051118161686
13,2018-08-22,none,300,4,1.5663811745895688,0.29640644083510975,0.0049601675028599895,1.8627876154246785,312.5394738538504
13,2018-09-05,none,300,4,0.21812155082984833,0.3906894262972792,0.4252950540438284,0.6088109771271275,1.4281445945758833
14,2018-06-06,none,0,4,1.253426109725369,0.3478333294504108,0.2676786044067298,1.6012594391757797,5.9597579148943645
14,2018-06-14,none,0,4,1.5501117575034475,4.841827701310578,0.27057258279389607,6.391939458814026,23.536762780155332
14,2018-06-27,none,0,4,0.8116193710707715,2.335189390681544,0.30838904200150175,3.1468087617523155,10.171041422136215
14,2018-07-11,none,0,4,0.9903629363509132,1.0665565377497421,0.5497759808085712,2.0569194741006553,3.734584560279804
14,2018-07-25,none,0,4,1.1620634722626486,0.15723144024458502,1.2703390061295528,1.3192949125072335,1.0377207858379782
14,2018-08-08,none,0,4,0.2410068201363933,0.45775059988008054,0.2468913863098721,0.6987574200164739,2.8188047613038276
14,2018-08-22,none,0,4,1.4343321413217058,0.07952367924844397,0.1700076414150452,1.5138558205701498,8.852562423780444
14,2018-09-05,none,0,4,0.4758435173736375,0.8681193677352989,0.5065193883760065,1.3439628851089362,2.648101562010145
15,2018-06-06,none,200,4,1.2282205804525899,0.1774196886079173,0.24804912186166414,1.4056402690605072,5.644028208384042
15,2018-06-14,none,200,4,0.8700488574172628,4.3208774981040845,0.22238978326214973,5.190926355521348,23.23708040590985
15,2018-06-27,none,200,4,1.2103040033503838,2.4965898914748887,0.054903127431450614,3.7068938948252725,66.30924002187051
15,2018-07-11,none,200,4,0.6487779659349184,2.0490831946457466,0.8735811326979837,2.697861160580665,3.084746582924867
15,2018-07-25,none,200,4,1.3900040195711525,0.08250767844727608,0.5457581912635283,1.4725116980184285,2.693168061397552
15,2018-08-08,none,200,4,0.07719754330198325,0.33404398788905687,0.32075189577247193,0.4112415311910401,1.2781324262401583
15,2018-08-22,none,200,4,0.8817444926103868,0.5229284362700714,0.18617523007600983,1.404672928880458,7.504587697368052
15,2018-09-05,none,200,4,0.11823150672778862,0.4014894029105861,0.38504232087798523,0.5197209096383747,1.3462796215097896
16,2018-06-06,none,100,4,1.2346551123536074,0.035713589399727984,0.26408966259615185,1.2703687017533354,4.7922227117873915
16,2018-06-14,none,100,4,0.7890732285274314,4.6965747470998895,0.23317388604410738,5.485647975627321,23.42553248910975
16,2018-06-27,none,100,4,0.8695739422280562,1.1146214034078068,0.26419246051988216,1.984195345635863,7.482095613676403
16,2018-07-11,none,100,4,0.6860660002806915,0,0.4057107355360023,0.6860660002806915,1.686864742767432
16,2018-07-25,none,100,4,1.6036982826728756,0,0.07570961301401337,1.6036982826728756,20.906092726343317
16,2018-08-08,none,100,4,0.31535347991030094,0.22043030506062683,0.3609895255806669,0.5357837849709277,1.4801085310727644
16,2018-08-22,none,100,4,1.4009796101617153,0,0.05598300128059537,1.4009796101617153,24.585921742925045
16,2018-09-05,none,100,4,0.13520430789442056,0.29410512151481083,0.2734212887947502,0.4293094294092314,1.56441736461025
17,2018-06-06,low,0,5,0.9962234520078144,0.26290737140342646,0.2303698582018524,1.2591308234112408,5.442069391393005
17,2018-06-14,low,0,5,0.7612810962002929,4.3642045390367805,0.1714416798338834,5.125485635237073,29.723009194613265
17,2018-06-27,low,0,5,0.7838728208114736,2.1397615846271187,0.062266237810613516,2.9236344054385923,46.211605219682035
17,2018-07-11,low,0,5,0.6239563886721677,0.8636940895147827,0.5282482205069974,1.4876504781869504,2.8108747852979916
17,2018-07-25,low,0,5,1.2048023248829933,0,0.1748121583311339,1.2048023248829933,6.852781606911424
17,2018-08-08,low,0,5,0.06244223371681609,1.353702752308037,0.3005706663517461,1.416144986024853,4.695897658604133
17,2018-08-22,low,0,5,1.367521056409363,0,0.09935976798191068,1.367521056409363,13.626187902864137
17,2018-09-05,low,0,5,0.240902526810295,0.5721898977335322,0.2089730263269194,0.8130924245438272,3.8723660784784597
18,2018-06-06,low,100,5,1.2096492260391085,0.6090783275331206,0.1709505197804977,1.8187275535722291,10.577040161866995
18,2018-06-14,low,100,5,0.8637786948325437,5.636375335949801,0.21229700645432162,6.500154030782344,30.474661313047434
18,2018-06-27,low,100,5,0.7799076167750343,0.113182041422372,0.026161495231649436,0.8930896581974063,32.88072510664839
18,2018-07-11,low,100,5,0.8289511104194872,0.5257736992208479,0.8121244446073796,1.3547248096403353,1.6660731559908637
18,2018-07-25,low,100,5,2.2732736403916065,0.6666828604453711,1.1220349064944943,2.9399565008369777,2.6178674267694197
18,2018-08-08,low,100,5,0.27713809956356916,2.2014178289669295,0.39596032107248075,2.4785559285304988,6.243837978148806
18,2018-08-22,low,100,5,1.1253043679540289,0.6096815409047377,0,1.7349859088587665,1734.9859088587664
18,2018-09-05,low,100,5,0.11927482307589332,0.5284678850664153,0.23590970585319554,0.6477427081423086,2.7341332673963623
19,2018-06-06,low,300,5,0.9214500906033845,0,0.5724840709208188,0.9214500906033845,1.6067579507899
19,2018-06-14,low,300,5,0.7592161276514794,4.518303070735304,0.21893315339150018,5.277519198386783,23.996014775418324
19,2018-06-27,low,300,5,0.3946272690003779,0.15623005396253486,0.02137122319834946,0.5508573229629128,24.623478031525554
19,2018-07-11,low,300,5,0.25426939765443424,0.3966647874385836,0.4217312586921119,0.6509341850930178,1.5398297895143662
19,2018-07-25,low,300,5,1.5324668616389678,0.7763968997597817,1.1362860898231535,2.3088637613987495,2.0301521156895315
19,2018-08-08,low,300,5,1.1993463006058256,0.6794766359606561,0.19902806946982798,1.8788229365664817,9.392796428752622
19,2018-08-22,low,300,5,1.485359551524827,0,0.13742474932724047,1.485359551524827,10.73044783352571
19,2018-09-05,low,300,5,0.7271657160303208,0.5948208794416708,0.8118749053446096,1.3219865954719916,1.6263100100396746
2,2018-06-06,high,200,1,1.3928107636418048,0.050167459480803075,0.2635127212431431,1.4429782231226078,5.455231855545449
2,2018-06-14,high,200,1,1.0486202061718037,4.92950749519011,0.17351565775627315,5.978127701361914,34.25553774499082
2,2018-06-27,high,200,1,0.7298834536906278,0.2920876487465946,0.011790679131748845,1.0219711024372224,79.8996747483486
2,2018-07-11,high,200,1,0.4004071169063941,0,0.32723114772872197,0.4004071169063941,1.21989372330174
2,2018-07-25,high,200,1,1.1050783354355218,0.0988879030035269,0.13815689433649145,1.2039662384390488,8.651861944603127
2,2018-08-08,high,200,1,0.11312747039827542,0.2740322509074784,0.30853333234294644,0.3871597213057538,1.250785233290486
2,2018-08-22,high,200,1,1.87793628784532,0.02168827615866651,0.08314573280234432,1.8996245640039866,22.575411737944513
2,2018-09-05,high,200,1,0.08732678453537604,0.35588138419282256,0.05679468883069763,0.44320816872819857,7.668666060760737
20,2018-06-06,low,200,5,0.9545323070659303,0.2772185343629775,0.35501314113347326,1.2317508414289078,3.4598465593356025
20,2018-06-14,low,200,5,0.954843709508042,5.136506667460545,0.22238978326214973,6.091350376968587,27.26781094469454
20,2018-06-27,low,200,5,0.60454016990543,0.09220351834217584,0.054903127431450614,0.6967436882476059,12.463411624009142
20,2018-07-11,low,200,5,0.13625358059408696,0,0.34362756209504386,0.13625358059408696,0.395364722907769
20,2018-07-25,low,200,5,1.2475411775033372,0.40563672853990596,1.152919753489548,1.653177906043243,1.4326628008957276
20,2018-08-08,low,200,5,0.06014293648571955,0.20533639781623494,0.24621742839116736,0.2654793343019545,1.073869815852512
20,2018-08-22,low,200,5,1.16406545563484,0,0.2133844081163605,1.16406545563484,5.4298046479342155
20,2018-09-05,low,200,5,0.39306614423668856,1.2489518204445944,0.5904848729324735,1.642017964681283,2.7760946049904183
21,2018-06-06,high,100,6,0.8865041056451353,0.20361443099948792,0.18836433804723018,1.090118536644623,5.756725621551466
21,2018-06-14,high,100,6,1.0788381922366201,4.820267875457288,0.21526941693584575,5.899106067693909,27.276654051570418
21,2018-06-27,high,100,6,0.7119531519987565,1.556913280591224,0.03574203929824972,2.2688664325899808,61.75123852469623
21,2018-07-11,high,100,6,0.10519678663083765,0,0.26564916256804705,0.10519678663083765,0.3945138459003866
21,2018-07-25,high,100,6,1.0908320512287408,0,0.18669178599649586,1.0908320512287408,5.8118262631328275
21,2018-08-08,high,100,6,0.10707421805091906,0.36186777283543836,0.21124663289935347,0.4689419908863574,2.209420165966675
21,2018-08-22,high,100,6,1.7228747347934819,1.2314121241198457,0.33290661968120266,2.9542868589133278,8.847643876404526
21,2018-09-05,high,100,6,0.33185444705422534,1.4758507543707613,1.4235488525661957,1.8077052014249866,1.2689668017832942
22,2018-06-06,high,200,6,0.9686438831984344,0.20751206051816362,0.25026478613999686,1.176155943716598,4.680942211541257
22,2018-06-14,high,200,6,1.0385559060322294,4.492182196654019,0.24693039930758987,5.530738102686248,22.3076239062748
22,2018-06-27,high,200,6,0.5331862532410775,0.034960296042544574,0.026161495231649436,0.5681465492836221,20.91735173038632
22,2018-07-11,high,200,6,0.5370053182110194,1.105636820386977,0.5945856603927111,1.6426421385979966,2.758028353998463
22,2018-07-25,high,200,6,1.5182205774321869,0.24549718778600366,0.9764411561889188,1.7637177652181906,1.8044234725034445
22,2018-08-08,high,200,6,0.19201068950946737,0.43515522551299135,0.205979798582972,0.6271659150224587,3.030082739070048
22,2018-08-22,high,200,6,1.8002729830789497,0,1.8936032192479844,1.8002729830789497,0.9502110863051966
22,2018-09-05,high,200,6,0.19085545598064838,0.20790168088995015,0.23590970585319554,0.39875713687059855,1.6831608288674085
23,2018-06-06,high,0,6,1.163609287940584,0,0.2046703241747968,1.163609287940584,5.657643087836269
23,2018-06-14,high,0,6,0.9207563289500922,4.925084706446194,0.22971725617345778,5.845841035396286,25.33768445564933
23,2018-06-27,high,0,6,0.7272432769982609,1.193828736666656,0.0858682621058573,1.9210720136649169,22.114774338686626
23,2018-07-11,high,0,6,0.24805803886178418,0,0.3438781562351856,0.24805803886178418,0.7192628305882728
23,2018-07-25,high,0,6,1.2048023248829933,0.39082794229913836,0.5518674019293022,1.5956302671821316,2.8860993822641268
23,2018-08-08,high,0,6,0.2281446728752299,2.51116133297346,0.4295832007268852,2.73930600584869,6.361850627763356
23,2018-08-22,high,0,6,1.170658165155427,0.43617533163540495,0.14286039206616385,1.606833496790832,11.169394672939733
23,2018-09-05,high,0,6,0.31189156664175827,0.8715620771928279,0.1717660156325074,1.1834536438345862,6.850037257049003
24,2018-06-06,high,300,6,0.7909849932489039,0.11478049555437192,0.5224582803989533,0.9057654888032758,1.7303489556282259
24,2018-06-14,high,300,6,0.794646706380515,5.116881177046066,0.15630251462214106,5.911527883426581,37.58063180125733
24,2018-06-27,high,300,6,0.5886842927575613,0.39696965707571186,0.030951767264949744,0.9856539498332731,30.848182564052095
24,2018-07-11,high,300,6,0.40664233360689317,0,0.2880540023601173,0.40664233360689317,1.4068040237695056
24,2018-07-25,high,300,6,1.4612354406050603,0,0.1547905580028859,1.4612354406050603,9.379486532027133
24,2018-08-08,high,300,6,0.1310989927833803,0.20842821135061806,0.17728677428559703,0.3395272041339984,1.9043880595994789
24,2018-08-22,high,300,6,1.0256887693272945,0.0891629130967405,0.40316743879265665,1.1148516824240349,2.7583906456055924
24,2018-09-05,high,300,6,0.2632317795159287,0.30508471775198864,0.24028344081940523,0.5683164972679173,2.3553895590095153
25,2018-06-06,low,200,7,1.1259563080727237,0,0.20356249203563037,1.1259563080727237,5.504216813493875
25,2018-06-14,low,200,7,0.9051436366035266,4.145337309071728,0.18429976053823113,5.050480945675254,27.255733795906533
25,2018-06-27,low,200,7,0.8827896426835575,0.5329590209207542,0.19125424683846076,1.4157486636043117,7.36393961062341
25,2018-07-11,low,200,7,0.766785830359316,0,0.2993190707911877,0.766785830359316,2.5532372231281424
25,2018-07-25,low,200,7,1.6321908510864385,0.2853653081567392,1.1970394028147058,1.9175561592431776,1.6005785408543494
25,2018-08-08,low,200,7,0.5800051752198998,1.667493286338424,0.2231282173695262,2.247498461558324,10.02773540938316
25,2018-08-22,low,200,7,2.971393280191249,2.6628383505918394,1.0663777816327595,5.634231630783088,5.2785730860581035
25,2018-09-05,low,200,7,0.12335168205926088,1.5304625534631215,0.3815823026532049,1.6538142355223824,4.322767216500071
26,2018-06-06,low,300,7,1.203636307345045,0.04288260373226433,0.4555956129633626,1.2465189110773092,2.7300282256048094
26,2018-06-14,low,300,7,0.9930610271636193,1.898925721723159,0.2109143545060618,2.8919867488867785,13.646960139286143
26,2018-06-27,low,300,7,0.5035489234893431,1.3472270603251864,0.2168840084950244,1.8507759838145295,8.494317672041516
26,2018-07-11,low,300,7,0.6052825491144698,0.11414601170531768,0.3603998676715787,0.7194285608197875,1.9906718988440983
26,2018-07-25,low,300,7,1.5609594300525307,0.17642950465844923,0.625516723584772,1.7373889347109799,2.773092671445504
26,2018-08-08,low,300,7,0.2665455839403412,0.35554768626817607,0.3379003145590261,0.6220932702085173,1.8356231714272064
26,2018-08-22,low,300,7,1.295036358495297,0.5566657547391082,0.18617523007600983,1.8517021132344054,9.89288012352088
26,2018-09-05,low,300,7,0.39501290713441933,0.25793674828506535,0.2932430831305287,0.6529496554194847,2.219082428285428
27,2018-06-06,low,100,7,1.3602388182201564,0,0.19775788594671928,1.3602388182201564,6.843697354402297
27,2018-06-14,low,100,7,1.1699032069121182,4.28740835269695,0.49455055012261645,5.457311559609068,11.012623350450806
27,2018-06-27,low,100,7,0.6443709163235003,0.4187031721782103,0.29545169495477624,1.0630740885017107,3.585994300568539
27,2018-07-11,low,100,7,0.7792562637603131,1.1397949275395727,1.056698226269086,1.9190511912998858,1.8143655190470798
27,2018-07-25,low,100,7,1.6606834195000013,0,0.07289640669905754,1.6606834195000013,22.47312817608466
27,2018-08-08,low,100,7,0.13166640069286445,1.0144524628736709,0.2699805973315128,1.1461188635665354,4.229523718129509
27,2018-08-22,low,100,7,1.5783294293347943,0,0.043009666675322564,1.5783294293347943,35.86324434081222
27,2018-09-05,low,100,7,0.07698268995779281,1.1261309575303107,0.7736690526740375,1.2031136474881035,1.5530679111746386
28,2018-06-06,low,0,7,1.1066750396600642,0,0.2513726182791633,1.1066750396600642,4.3850836402382996
28,2018-06-14,low,0,7,1.0878950937478806,4.202723171141387,0.2772087297310746,5.290618264889268,19.016722695953316
28,2018-06-27,low,0,7,0.5552703430188428,0,0.03574203929824972,0.5552703430188428,15.112670761453739
28,2018-07-11,low,0,7,0.7605585662947669,3.366252389194823,0.8673221131320936,4.1268109554895895,4.752626811038956
28,2018-07-25,low,0,7,1.4469891563982793,0.33881927277147994,0.5949597455814658,1.7858084291697591,2.9965252559589945
28,2018-08-08,low,0,7,0.14301726282112845,1.2440438580729332,0.19936504842918074,1.3870611208940615,6.922670055323146
28,2018-08-22,low,0,7,1.1688199721176997,0,0.2351269790720533,1.1688199721176997,4.949963687804766
28,2018-09-05,low,0,7,0.11851124632474597,0.338276183241606,0.18325463578921525,0.456787429566352,2.4791095627515745
29,2018-06-06,high,100,8,1.0265100157268052,0,0.2723753783564742,1.0265100157268052,3.754946849632755
29,2018-06-14,high,100,8,0.8008917833191411,4.766376087742257,0.1714416798338834,5.567267871061398,32.28493178925456
29,2018-06-27,high,100,8,0.4767452934773192,0.016005729840859784,0.03574203929824972,0.492751023318179,13.411096191975718
29,2018-07-11,high,100,8,0.7668653567188116,0.261055775086616,0.7501665682364921,1.0279211318054275,1.3684330150883446
29,2018-07-25,high,100,8,1.1335709038490855,0.3278171855220832,0.763307294893647,1.4613880893711688,1.9120425765065088
29,2018-08-08,high,100,8,0.11161348132678936,0.5455861218080409,0.36166348349937155,0.6571996031348303,1.8121471640691642
29,2018-08-22,high,100,8,1.056230999634514,2.171237424328729,0.30041662063060137,3.227468423963243,10.707665745873516
29,2018-09-05,high,100,8,0.12713751670654033,1.4259653699955386,3.98121866291884,1.5531028867020789,0.3900094440227709
3,2018-06-06,high,0,1,1.359928190137539,0,0.09079386667491056,1.359928190137539,14.815022390915795
3,2018-06-14,high,0,1,0.7320955944098836,5.024528863407287,0.13908937148800898,5.75662445781717,41.09251399068423
3,2018-06-27,high,0,1,1.3179006304952774,4.243233270740164,0.2962908956998078,5.561133901235441,18.70603500367817
3,2018-07-11,high,0,1,0.24184668006913457,0.41641798212436265,0.3332395731544696,0.6582646621934972,1.9694396327190098
3,2018-07-25,high,0,1,1.1905560406762115,0.5120443633161669,0.5084253399365155,1.7026004039923783,3.3421981015011073
3,2018-08-08,high,0,1,0.08815611450381136,1.391301060920521,0.4153427635412456,1.4794571754243324,3.553459565000384
3,2018-08-22,high,0,1,1.1287687088447609,1.761569985776139,0.015831452980706387,2.8903386946209,171.72247089624688
3,2018-09-05,high,0,1,0.25502511852956994,0.49687624353391424,0.15662252851008174,0.7519013620634842,4.770265831736049
30,2018-06-06,high,200,8,0.9624089942556967,0.7896196836591614,0.2776904418311885,1.7520286779148582,6.286647889331334
30,2018-06-14,high,200,8,0.8206845840555186,6.0989552269317215,0.22536219374367386,6.91963981098724,30.568884744167324
30,2018-06-27,high,200,8,0.6353090039538929,0.0758065369679442,0.045322583364850004,0.711115540921837,15.351379160373813
30,2018-07-11,high,200,8,0.8226005804977197,0.5169045143109986,0.6945930085015655,1.3395050948087182,1.9257023553101218
30,2018-07-25,high,200,8,1.1620634722626486,0.3466261320278863,0.8471313512091145,1.508689604290535,1.7788395655221496
30,2018-08-08,high,200,8,0.15134014680642122,0.7480347611218704,0.2109096539400011,0.8993749079282916,4.244143158210883
30,2018-08-22,high,200,8,2.2193444845579435,4.706355926430642,0.20797972972317158,6.925700410988585,33.140536740873515
30,2018-09-05,high,200,8,0.2392676173888986,1.8578040453735174,1.4740719169001737,2.097071662762416,1.4216741832963367
31,2018-06-06,high,0,8,0.95235791048761,0.45912941710243754,0.30746846028301883,1.4114873275900475,4.575791399532426
31,2018-06-14,high,0,8,0.9207563289500922,5.27056385036237,0.20814905060954175,6.191320179312462,29.602430234651052
31,2018-06-27,high,0,8,0.5231814206241959,0.7855312224790731,0.3317461338598586,1.3087126431032692,3.933066412890178
31,2018-07-11,high,0,8,0.7605545899767929,0.15369864030797506,0.8893510617139512,0.914253230284768,1.0268457798262232
31,2018-07-25,high,0,8,1.1050783354355218,0,0.1843202303331984,1.1050783354355218,5.963074476265408
31,2018-08-08,high,0,8,0.5709239447295705,2.8568669000420517,0.3042774349046216,3.4277908447716223,11.228444859812758
31,2018-08-22,high,0,8,1.121362925397672,4.547308567933755,0.3328137266439992,5.668671493331427,16.981541023856305
31,2018-09-05,high,0,8,0.13249396824554244,2.0242870477469617,1.9151588700192697,2.1567810159925043,1.1255752587836387
32,2018-06-06,high,300,8,0.9685328980740973,0,0.23258552248018516,0.9685328980740973,4.1463738325488775
32,2018-06-14,high,300,8,0.7453075186648638,5.118725211848231,0.2432666628519355,5.864032730513094,24.00668458825932
32,2018-06-27,high,300,8,0.8067112467870582,0.49046834681141993,0.4086354188295481,1.2971795935984782,3.1666685398076937
32,2018-07-11,high,300,8,0.412849716081568,0,0.3547673334560437,0.412849716081568,1.1604486338613689
32,2018-07-25,high,300,8,0.9341229249541435,0,0.04211441668947618,0.9341229249541435,21.666138537417673
32,2018-08-08,high,300,8,0.06244223371681609,0.23602456379950582,0.205979798582972,0.2984667975163219,1.442009314723898
32,2018-08-22,high,300,8,1.8588121993215205,0.6675169439945151,0.08851944684979837,2.5263291433160355,28.22100931381845
32,2018-09-05,high,300,8,1.0256526621899158,6.625069448718377,0.7463180773944118,7.650722110908292,10.237571313119023
33,2018-06-06,none,0,9,1.1717079453790242,0,0.2350666321515971,1.1717079453790242,4.963462793109098
33,2018-06-14,none,0,9,0.7324313939526552,5.141088886583146,0.2304085821475881,5.873520280535802,25.381600915690235
33,2018-06-27,none,0,9,0.9998253502969675,2.074516185192672,0.20670919612028016,3.0743415354896393,14.801181617925819
33,2018-07-11,none,0,9,0.9343374413598465,0.3514189826238188,1.0728440464952669,1.2857564239836654,1.1973399938101092
33,2018-07-25,none,0,9,1.0480931986083961,0,0.7904544868862244,1.0480931986083961,1.3242621224270914
33,2018-08-08,none,0,9,0.9133317531281374,0.41192304015291886,0.21685044617508728,1.3252547932810563,6.083323750532711
33,2018-08-22,none,0,9,1.3841178050450877,0.3253241423799986,0.039598662199489404,1.7094419474250864,42.10586888369404
33,2018-09-05,none,0,9,0.02033902641847546,0.6397271723216735,0.12592125851188213,0.660066198740149,5.200596074126975
34,2018-06-06,none,100,9,1.1589498667013263,0,0.22456525211294126,1.1589498667013263,5.137980499412366
34,2018-06-14,none,100,9,0.8019242675935481,4.450220899387437,0.23545497055150197,5.252145166980985,22.212031131047937
34,2018-06-27,none,100,9,0.8742934824623148,0.055058609744467156,0.05747596577731354,0.9293520922067819,15.892890007937849
34,2018-07-11,none,100,9,0.45628151181441967,0,0.3548926305261142,0.45628151181441967,1.2820763136901743
34,2018-07-25,none,100,9,0.7916600828863292,0,0.08691165334700462,0.7916600828863292,9.005177957027959
34,2018-08-08,none,100,9,0.21074055839960892,0.49016598441277137,0.2109096539400011,0.7009065428123803,3.3075724950729755
34,2018-08-22,none,100,9,1.6554096098431785,2.682116818288431,0.1462868787148639,4.33752642813161,29.449510139519816
34,2018-09-05,none,100,9,0,1.3365191609062115,0.2033810023721368,1.3365191609062115,6.5393512380993135
35,2018-06-06,none,300,9,1.0843761482551764,0.12463769634311309,0.21876064602403056,1.2090138445982894,5.50150296002536
35,2018-06-14,none,300,9,0.9607279012578042,5.2386890087420745,0.1663952914299695,6.199416909999878,37.03459551963222
35,2018-06-27,none,300,9,0.9464017353244866,1.3914847048960786,0.4655244149210058,2.337886440220565,5.011284223177102
35,2018-07-11,none,300,9,0.797830695368641,0.14804826479330976,0.9785945296720187,0.9458789601619508,0.9655821174079481
35,2018-07-25,none,300,9,1.6606834195000013,0.14942458098817796,0.9065294895359248,1.8101080004881793,1.9945445534930197
35,2018-08-08,none,300,9,0.38761603876465206,1.51728072945495,0.25215822062625354,1.904896768219602,7.524530562378493
35,2018-08-22,none,300,9,1.2003343102399637,0.012049042310370319,0.19696910468952006,1.212383352550334,6.124103831513232
35,2018-09-05,none,300,9,0.024060568536080903,0.7678133088247076,0.14543848060051745,0.7918738773607884,5.407553220393017
36,2018-06-06,none,200,9,0.9961124668834773,0.10680489352048378,0.256069392228908,1.102917360403961,4.290348807538573
36,2018-06-14,none,200,9,0.6181403261747871,4.961985493454124,0.14987347426996736,5.580125819628911,36.98546644219277
36,2018-06-27,none,200,9,0.4588100527875594,2.25406861271858,0.265625929573057,2.7128786655061394,10.174849347361754
36,2018-07-11,none,200,9,0.568145614851739,0.003963689169344,0.460532512850504,0.572109304021083,1.239586135519766
36,2018-07-25,none,200,9,2.3445050614255143,0.20518436123462747,0.7700940928917916,2.549689422660142,3.3065866360072635
36,2018-08-08,none,200,9,0.22871208078471345,1.0709187897574113,0.2798403080455718,1.2996308705421247,4.627650779856125
36,2018-08-22,none,200,9,1.1650375634498844,1.7085541996105096,0.17545876632683582,2.8735917630603938,16.284777587858372
36,2018-09-05,none,200,9,0.24253743623169105,1.9440074859983785,1.0621633725435626,2.1865449222300697,2.0566405678544735
37,2018-06-06,high,200,10,1.260481897791621,0.19386270537153838,0.2408712382405078,1.4543446031631593,6.012887740364619
37,2018-06-14,high,200,10,0.7786731288450859,4.583744055387586,0.19300988539779945,5.362417184232672,27.63991728172783
37,2018-06-27,high,200,10,0.5280895449079093,1.4313519096474678,0.03574203929824972,1.959441454555377,53.329686973818
37,2018-07-11,high,200,10,0.7792085479446161,0.47241002914180863,1.0897416491418723,1.2516185770864248,1.147493155754271
37,2018-07-25,high,200,10,1.503974293225405,0,0.8043668765486987,1.503974293225405,1.8674399668266755
37,2018-08-08,high,200,10,0.2807334856160245,1.3458373931893495,0.2808512449236285,1.6265708788053739,5.771026057543637
37,2018-08-22,high,200,10,0.882716600425431,0,0.04844530941424595,0.882716600425431,17.852382983998616
37,2018-09-05,high,200,10,0.14314991629946003,0.3049050981281175,0.15346708253244454,0.44805501442757756,2.900650462751294
38,2018-06-06,high,300,10,0.9866826392806249,0,0.20936709812454152,0.9866826392806249,4.690289727229536
38,2018-06-14,high,300,10,0.9847008103839944,5.0345183214287195,0.17510541628953782,6.019219131812714,34.17963659854968
38,2018-06-27,high,300,10,0.952069134803907,4.1544992976033654,0.045322583364850004,5.106568432407272,110.23928419938215
38,2018-07-11,high,300,10,0.7108915538614171,0,0.3212227223029744,0.7108915538614171,2.206211743171208
38,2018-07-25,high,300,10,1.6321908510864385,0.416416462698982,0.6638659559103411,2.0486073137854204,3.0812335863707245
38,2018-08-08,high,300,10,0.5279837703885889,0.8998848319873,0.2913849135563918,1.4278686023758889,4.883523520444903
38,2018-08-22,high,300,10,1.4501158160309287,0.0795236792484443,0.25138746077022134,1.529639495279373,6.060679443468818
38,2018-09-05,high,300,10,0.3068469685790909,2.6887090430955567,1.3767903787041407,2.9955560116746476,2.174173994807593
39,2018-06-06,high,100,10,0.8736350418431003,0,0.23976340610134148,0.8736350418431003,3.628603931094795
39,2018-06-14,high,100,10,0.7345465337936536,5.040660279467138,0.18934614894214535,5.775206813260792,30.34054981073525
39,2018-06-27,high,100,10,0.6360682791496004,0.8475601917811548,0.4486359965860116,1.4836284709307552,3.2996212095909216
39,2018-07-11,high,100,10,0.5991069771835933,0.003963689169343804,0.36603240188711406,0.603070666352937,1.6430992556848423
39,2018-07-25,high,100,10,3.042572987557809,0.07472376179730876,0.9462338965262356,3.117296749355118,3.2909472103849886
39,2018-08-08,high,100,10,0.3999134820549183,1.2317688453659317,0.3744311758143455,1.63168232742085,4.346155653913338
39,2018-08-22,high,100,10,1.2717938890428053,1.6169814780516953,0.2839858350308937,2.8887753670945004,10.136557723233313
39,2018-09-05,high,100,10,0.25220702296159003,0.3567196091042208,0.20775473733834648,0.6089266320658109,2.916947609571475
4,2018-06-06,high,300,1,1.1477449284367138,0.2178507261232932,0.26462055338230983,1.365595654560007,5.141152057591319
4,2018-06-14,high,300,1,1.2043749597248994,4.322340239395049,0.15284588475149152,5.526715199119948,35.92371162899349
4,2018-06-27,high,300,1,1.3660438920830238,3.2039454139666805,0.06927394353135087,4.569989306049704,65.03106381116812
4,2018-07-11,high,300,1,0.1892845390438957,0.136747513763979,0.4388794554788594,0.32603205280787473,0.741184996814528
4,2018-07-25,high,300,1,1.1905560406762115,0.08011362887684706,0.04211441668947618,1.2706696695530586,29.47203666710437
4,2018-08-08,high,300,1,0,0.2768056589453702,0.3117782929032141,0.2768056589453702,0.8849899920357476
4,2018-08-22,high,300,1,1.889248407036379,0.6145011578288859,0.03213838119747617,2.503749564865265,75.55437152904594
4,2018-09-05,high,300,1,0.13043944942871016,1.2616509870548025,1.112381864630398,1.3920904364835127,1.2503261286240153
40,2018-06-06,high,0,10,1.3985130542532511,0.7107178168385326,0.40889331885899605,2.1092308710917838,5.145804466789474
40,2018-06-14,high,0,10,0.7831890367776696,5.209171057931012,0.24693039930758987,5.992360094708682,24.169525445221346
40,2018-06-27,high,0,10,0.7978379184669058,2.3274836939339387,0.3858725952793355,3.1253216124008443,8.078425948326098
40,2018-07-11,high,0,10,0.9282334431525145,0.1565238280653076,1.0176463779705525,1.0847572712178222,1.0649007297105229
40,2018-07-25,high,0,10,1.4327428721914972,0.03499946363787428,0.5501734335983753,1.4677423358293715,2.6629410025209492
40,2018-08-08,high,0,10,0.12107118113104988,0.2912627551967795,0.16372029501866253,0.4123339363278294,2.5032369950594893
40,2018-08-22,high,0,10,0.9616349739715422,0.7060738793877003,0.41927309876215196,1.6677088533592426,3.9681551312021055
40,2018-09-05,high,0,10,0.13942837418185458,2.210800115993882,0.39957666350612464,2.3502284901757364,5.867112850770955
41,2018-06-06,none,0,11,0.8665792537768481,0.22002309881854068,0.48213753373650536,1.0866023525953887,2.2490538960858344
41,2018-06-14,none,0,11,0.7015418088022958,5.008425315230249,0.32311044475542666,5.709967124032545,17.617349938664518
41,2018-06-27,none,0,11,0.8031281498474168,12.43727492678672,0.2720946030964197,13.240403076634138,48.48284413719973
41,2018-07-11,none,0,11,1.015128845162017,0.3849472951558518,1.2851261877046125,1.4000761403178688,1.088599356503755
41,2018-07-25,none,0,11,1.3757577353643715,0.13617226637965307,1.0656968358377892,1.5119300017440245,1.4173942876248873
41,2018-08-08,none,0,11,0.051440879247909056,0.44206536814220454,0.1409680629563737,0.4935062473901136,3.476177931241947
41,2018-08-22,none,0,11,1.6543844907319536,2.0411077673767304,0,3.695492258108684,3695.492258108684
41,2018-09-05,none,0,11,0.0728094245653742,2.6203502962537404,0.9056113000811317,2.6931597208191147,2.970578152487297
42,2018-06-06,none,100,11,1.082201751676856,0.6662787188606238,0.3563864186657185,1.74848047053748,4.892408830378419
42,2018-06-14,none,100,11,0.9200847298645494,4.934311577445229,0.23109990812171802,5.854396307309778,25.223604587726122
42,2018-06-27,none,100,11,0.7712228725043371,1.3514857310837058,0.46695788397418136,2.122708603588043,4.536110355830994
42,2018-07-11,none,100,11,0.4748758250126216,0.03221556674267061,0.40495895311557706,0.5070913917552922,1.2491198626451343
42,2018-07-25,none,100,11,1.4754817248118421,0.23185575526941823,1.1793893581497552,1.7073374800812604,1.4464189026216652
42,2018-08-08,none,100,11,0.20846822282308647,0.32854265831277224,0.1525126684671945,0.5370108811358587,3.498153517216837
42,2018-08-22,none,100,11,1.0190960598067078,1.0145293625331797,0.27845729925476687,2.0336254223398873,7.2770524432998815
42,2018-09-05,none,100,11,0.5890490482834781,1.4656794464410035,1.0772217344312578,2.0547284947244817,1.9056641404175678
43,2018-06-06,none,300,11,1.1376715173782335,0.011490617261278703,0.25026478613999686,1.1491621346395122,4.57351048785338
43,2018-06-14,none,300,11,0.9020210981342136,6.6642024473194255,0.12830526870605133,7.566223545453639,58.514425755178436
43,2018-06-27,none,300,11,0.5771707877450416,0.8768676345702762,0.05011285539815031,1.4540384223153178,28.447606986322604
43,2018-07-11,none,300,11,0.7853165224699212,0.07459338310266032,1.1068898459286198,0.8599099055725815,0.7761691369703055
43,2018-07-25,none,300,11,1.6036982826728756,0.2615000242068776,0.9543758691891211,1.8651983068797533,1.9523188380954686
43,2018-08-08,none,300,11,0.3987759622973639,0.4627060914623801,0.41782644528996793,0.8614820537597441,2.056895077776931
43,2018-08-22,none,300,11,1.9803270805124389,0.4506341824078494,0.10479541072083406,2.430961262920288,22.977946267772882
43,2018-09-05,none,300,11,0.17746432713314395,0.29145751641844664,0.31001915499487553,0.4689218435515906,1.5076944169542121
44,2018-06-06,none,200,11,1.2712652228492793,1.0503422617209814,0.28287675839513,2.3216074845702606,8.178223175772633
44,2018-06-14,none,200,11,0.7849182057837116,9.10284753454469,0.16708661740409947,9.887765740328401,58.825419257245684
44,2018-06-27,none,200,11,0.8461648251062188,0.39923076151595427,0.026161495231649436,1.245395586622173,45.85151060354728
44,2018-07-11,none,200,11,1.1827440772501427,0.12544676273464844,1.1846176513154747,1.3081908399847912,1.1033834040285402
44,2018-07-25,none,200,11,1.6036982826728756,0,0.5444030165987872,1.6036982826728756,2.9403912957316813
44,2018-08-08,none,200,11,1.579211544865105,0.8687885559400736,0.18053173484586477,2.448000100805179,13.485245997807107
44,2018-08-22,none,200,11,2.441075993117377,0.6434188593737742,0,3.084494852491151,3084.4948524911506
44,2018-09-05,none,200,11,0.6312448397634468,1.462223553037219,1.323526164145874,2.093468392800666,1.5805413660141985
45,2018-06-06,low,100,12,1.3020620576091684,0.5051949030029148,0.24335234791191943,1.8072569606120832,7.396110477577801
45,2018-06-14,low,100,12,0.7327922791415191,4.632859628730314,0.15630251462214106,5.3656519078718325,34.110401354744724
45,2018-06-27,low,100,12,0.8389936922290482,2.096809718804346,0.6009810974722161,2.9358034110333944,4.876902984763395
45,2018-07-11,low,100,12,0.344584414132041,0.32889620489272803,0.3047010108665813,0.6734806190247691,2.2030696500336395
45,2018-07-25,low,100,12,1.5752057142593128,0,0.03624114270441511,1.5752057142593128,42.29745920424093
45,2018-08-08,low,100,12,0.487498758403921,0.7177117555661228,0.12942345744555295,1.2052105139700438,9.240749613413486
45,2018-08-22,low,100,12,1.3656828633716356,0.49883035164933104,0,1.8645132150209667,1864.5132150209665
45,2018-09-05,low,100,12,0.25919838392198824,1.2163291504305689,1.5582322501975776,1.4755275343525571,0.9463167107822368
46,2018-06-06,low,200,12,1.1159052243046366,0.9945540070407326,0.3563864186657185,2.110459231345369,5.905258625172849
46,2018-06-14,low,200,12,0.8634428952897726,2.740710330031925,0.22031580533975964,3.6041532253216975,16.285114476070394
46,2018-06-27,low,200,12,0.8816531993889403,0.04751762432309051,0.040532311331550025,0.9291708237120307,22.37223968332786
46,2018-07-11,low,200,12,0.5059763584735935,0.09719488516132165,0.3045757137965104,0.6031712436349151,1.9738847572048221
46,2018-07-25,low,200,12,1.6179445668796575,0,0.12424450467401735,1.6179445668796575,12.918287880899806
46,2018-08-08,low,200,12,0.5098213094079312,0.9466208532729037,0.22671015688914628,1.456442162680835,6.396035128946221
46,2018-08-22,low,200,12,2.0863233434750383,1.88688002580399,0,3.9732033692790285,3973.2033692790283
46,2018-09-05,low,200,12,1.2069970234838627,2.12644917610422,1.3772046744574902,3.333446199588083,2.418687341123875
47,2018-06-06,low,0,12,1.2290414795761044,0.44454773964808025,0.3107919567005183,1.6735892192241848,5.367647186715907
47,2018-06-14,low,0,12,1.2345192874315631,5.778765240332391,0.894667892199205,7.013284527763954,7.830228803383446
47,2018-06-27,low,0,12,0.5647094234873595,0.011022329246936111,0.026161495231649436,0.5757317527342957,21.196614833760506
47,2018-07-11,low,0,12,NA,0.040691130014668626,0.39369388468450667,NA,NA
47,2018-07-25,low,0,12,1.6891759879135653,0.12033619477651886,0.9554031748621146,1.8095121826900842,1.8919972562313618
47,2018-08-08,low,0,12,0.14604253702551329,0.3343169068860496,0.11787885193473295,0.4803594439115629,4.040747669529065
47,2018-08-22,low,0,12,1.581740758929346,0,0.08314573280234432,1.581740758929346,18.797634844357532
47,2018-09-05,low,0,12,0,0.22872328241312267,0.14513390835337392,0.22872328241312267,1.565162288413139
48,2018-06-06,low,300,12,1.0022363707018775,0.7750822667155056,0.28066109411679685,1.777318637417383,6.31013183766296
48,2018-06-14,low,300,12,0.8856866354099204,8.52117790522258,0.3102523640510789,9.4068645406325,30.222628410586978
48,2018-06-27,low,300,12,0.7353573301227057,0.613933324641162,0.6457719472619801,1.3492906547638677,2.0861922977270484
48,2018-07-11,low,300,12,0.8101261707787484,0.4864769246827944,0.9340354442280203,1.2966030954615428,1.386688711604979
48,2018-07-25,low,300,12,1.731914840533909,0.205406714324948,1.0354895761751062,1.9373215548588572,1.8691182230775887
48,2018-08-08,low,300,12,0.46063694412403977,0.8311889788960561,0.2606700155029027,1.291825923020096,4.936851173174504
48,2018-08-22,low,300,12,1.4409778621384737,0.7542700486291812,0.376108610358157,2.195247910767655,5.821261701457119
48,2018-09-05,low,300,12,0.216766381005409,0.34089385173399156,0.18325463578921525,0.5576602327394006,3.026573688910363
5,2018-06-06,none,200,2,1.1645411721884358,0.18638387181656133,0.2010813823642184,1.3509250440049971,6.685054447866836
5,2018-06-14,none,200,2,0.8283481161035084,4.992813452165673,0.15768516657040088,5.821161568269181,36.68371590161589
5,2018-06-27,none,200,2,0.6587181210757305,0.23190344629826742,0,0.8906215673739979,890.6215673739979
5,2018-07-11,none,200,2,0.4625286574688427,0,0.32184920765332836,0.4625286574688427,1.4326460976342257
5,2018-07-25,none,200,2,1.2190486090897743,0,0,1.2190486090897743,1219.0486090897743
5,2018-08-08,none,200,2,0.11596450994569475,1.1885782341781659,0.38698671820322295,1.3045427441238606,3.3623386650069715
5,2018-08-22,none,200,2,2.0537308749453684,0.3253241423799983,0.08853492902266599,2.3790550173253666,26.57125038568024
5,2018-09-05,none,200,2,0.09708544016873841,0.5559917171693062,0.3446798642059361,0.6530771573380446,1.8892542637339702
6,2018-06-06,none,300,2,1.0974448550154923,0.020459756252988993,0.14883992756402004,1.1179046112684812,7.46065904757495
6,2018-06-14,none,300,2,0.8606561563632309,5.397009636946605,0.1168298399499634,6.257665793309837,53.107649097776616
6,2018-06-27,none,300,2,0.6358747561022576,8.857269998521323,0,9.49314475462358,9493.14475462358
6,2018-07-11,none,300,2,0.5618746112894673,0,0.32147331644311616,0.5618746112894673,1.7423910216415723
6,2018-07-25,none,300,2,1.746161124740691,1.735399731288053,1.1040460681633582,3.481560856028744,3.150602455710532
6,2018-08-08,none,300,2,0.08703441635876182,0.15232577646286713,0.30158160322980276,0.23936019282162896,0.7910599661931238
6,2018-08-22,none,300,2,1.9013556956701474,1.9157977273488795,0.015831452980706387,3.817153423019027,226.78692251908174
6,2018-09-05,none,300,2,0.5411963660691426,1.340869583717883,1.183945012288727,1.8820659497870256,1.5883150106280512
7,2018-06-06,none,100,2,1.5738865625001244,0,0.06635599404536058,1.5738865625001244,23.36668896075081
7,2018-06-14,none,100,2,1.2168165408900917,4.96147933443526,0.22308110923627925,6.178295875325351,27.571694447525836
7,2018-06-27,none,100,2,0.5488535463394912,3.157875944807279,0.37174671161632217,3.70672949114677,9.94436537098737
7,2018-07-11,none,100,2,0.6921898800778966,1.635118907886541,0.49470360935392765,2.3273087879644376,4.694960343334441
7,2018-07-25,none,100,2,1.1620634722626486,0,0.09166568934803665,1.1620634722626486,12.540385556277846
7,2018-08-08,none,100,2,0.29567702985815725,0.8866091162913257,0.37733915741526086,1.182286146149483,3.1249373028862006
7,2018-08-22,none,100,2,1.4640082864062431,0.021688276158666843,0.17535039111676515,1.48569656256491,8.424685384344853
7,2018-09-05,none,100,2,0.061275989712136894,2.2011940348282466,0.7657501742483165,2.2624700245403835,2.9507264563172693
8,2018-06-06,none,0,2,1.021939252321491,0.20281654070072583,0.14303532147510895,1.2247557930222168,8.50316283866433
8,2018-06-14,none,0,2,1.0079770347785488,5.2465434390867856,0.08309487965582917,6.254520473865334,74.37456952745389
8,2018-06-27,none,0,2,0.7959570169702459,1.3919248662059753,0,2.187881883176221,2187.881883176221
8,2018-07-11,none,0,2,1.4563858274725674,0,0.1938044855368692,1.4563858274725674,7.476141134321716
8,2018-07-25,none,0,2,1.5467131458457497,0.10983440198034321,0.28205667631114045,1.656547547826093,5.852352855317178
8,2018-08-08,none,0,2,0.18766236482914925,1.125338224163708,0.2876781450035163,1.3130005889928573,4.548320029480805
8,2018-08-22,none,0,2,1.8401652124633463,0.007229425386222058,0,1.8473946378495683,1847.3946378495682
8,2018-09-05,none,0,2,0,0.30951176642934053,0.17644432284586062,0.30951176642934053,1.7442753956022705
9,2018-06-06,low,0,3,1.0536679713292312,0,0,1.0536679713292312,1053.6679713292312
9,2018-06-14,low,0,3,0.9186913604012783,4.306340385831069,0.18291710858997132,5.2250317462323475,28.40971014763582
9,2018-06-27,low,0,3,0.3787713918525097,0.08712129095251533,0.01658095116504915,0.46589268280502505,26.499856488494064
9,2018-07-11,low,0,3,0.9592504739360161,1.2048529702857942,0.7235074619996669,2.1641034442218103,2.9869995241302365
9,2018-07-25,low,0,3,1.3900040195711525,0.36532390198852993,0.3227883889744438,1.7553279215596824,5.421219479547886
9,2018-08-08,low,0,3,0.2604923315929839,0.346228027597061,0.2029469879488008,0.606720359190045,2.9748924722651804
9,2018-08-22,low,0,3,1.360115272962274,3.544828247710945,0,4.9049435206732195,4904.94352067322
9,2018-09-05,low,0,3,0.08814731631060967,0.4312249749964192,0.13832359541001932,0.5193722913070289,3.727812864565787
