Timestamp,Specific Conductance (uS/cm),TDS (g/L),Dissolved Oxygen (mg/L),ORP_1 (mV),pH,Temperature (C),Tank
7/11/18 4:47,-99999,-99999,10.45,289.1,7.75,13.2,Air
7/11/18 4:47,140.7,0.0917,8.17,182.1,8.49,20.4,T1
7/11/18 4:48,145.1,0.0942,8.56,180.2,8.74,21,T2
7/11/18 4:48,158.9,0.1033,7.93,180.6,8.49,22,T4
7/11/18 4:49,134.9,0.0878,8.49,181.1,8.31,19.6,T3
7/11/18 4:50,136.8,0.089,8.88,180.8,8.53,19.5,T8
7/11/18 4:50,144,0.0936,8.68,180.5,8.61,21.3,T5
7/11/18 4:50,145.9,0.0949,8.54,180.9,8.61,21.7,T6
7/11/18 4:51,146.5,0.0955,8.69,181,8.61,20.4,T7
7/11/18 4:51,138.4,0.0897,8.59,181.2,8.49,20.3,T10
7/11/18 4:52,156.4,0.1014,7.87,180.7,8.63,22.7,T11
7/11/18 4:52,133.6,0.0871,9.24,181.2,8.43,19.2,T9
7/11/18 4:53,147.8,0.0962,8.24,181.1,8.53,21.4,T12
7/11/18 4:54,139.9,0.091,8.71,179.1,8.65,20.2,T29
7/11/18 4:55,146.1,0.0949,8.59,179.4,8.63,21.4,T30
7/11/18 4:55,132.1,0.0858,8.71,179.8,8.36,19.3,T31
7/11/18 4:56,150,0.0975,8.11,179.8,8.47,22.5,T32
7/11/18 4:56,142.8,0.093,8.53,178.7,8.58,21.5,T36
7/11/18 4:57,140.5,0.091,8.76,179.4,8.53,20.5,T34
7/11/18 4:58,133.5,0.0871,8.78,180,8.39,19.3,T33
7/11/18 4:58,156.6,0.1021,8.17,179.9,8.57,22.5,T35
7/11/18 4:58,148.7,0.0969,8.27,179.2,8.62,22.4,T38
7/11/18 4:59,134.9,0.0878,8.62,180.6,8.35,19.2,T40
7/11/18 4:59,136.6,0.089,8.97,179.3,8.7,20.4,T39
7/11/18 5:00,139.9,0.091,8.41,180.3,8.5,21.5,T37
7/11/18 5:01,0.4,0,9.7,229.8,8.15,19.2,Air
7/11/18 5:01,146.8,0.0955,8.28,180.6,8.68,22.6,T48
7/11/18 5:02,135.6,0.0884,8.2,182.3,8.19,19.5,T47
7/11/18 5:03,148.8,0.0969,7.92,182.2,8.39,21.5,T46
7/11/18 5:03,142.4,0.0923,8.73,181.3,8.66,20.7,T45
7/11/18 5:04,131.6,0.0858,8.53,183.1,8.38,20.3,T42
7/11/18 5:05,126,0.0819,9.03,182.6,8.48,19.2,T41
7/11/18 5:05,140.3,0.091,8.77,181.6,8.85,21.5,T44
7/11/18 5:06,153.8,0.1001,7.9,183.7,8.45,22.7,T43
7/11/18 5:06,0.3,0,11.09,181.7,8.19,17.6,Air
7/11/18 5:07,159.5,0.104,8.52,184.5,8.69,22,T13
7/11/18 5:07,127.8,0.0832,8.84,185,8.39,18.9,T14
7/11/18 5:08,140,0.091,8.59,185.5,8.55,21.1,T15
7/11/18 5:08,137.6,0.0897,8.53,186.1,8.4,20.2,T16
7/11/18 5:09,134.1,0.0871,8.96,186.6,8.54,19.4,T17
7/11/18 5:09,142.6,0.093,8.52,187.4,8.42,20.2,T18
7/11/18 5:10,154.2,0.1001,8.61,186.7,8.76,22,T19
7/11/18 5:10,151.5,0.0988,8.54,187.4,8.6,21,T20
7/11/18 5:11,173.9,0.1131,8.55,188.1,8.63,21.4,T22
7/11/18 5:11,143.9,0.0936,8.34,188.7,8.41,20.6,T21
7/11/18 5:12,135.8,0.0884,8.95,189,8.45,19.2,T23
7/11/18 5:13,157.4,0.1021,8.17,188.7,8.65,22.5,T24
7/11/18 5:13,142.1,0.0923,9.13,186.3,9.1,21.3,T25
7/11/18 5:14,138.2,0.0897,8.85,188.9,8.55,19.3,T28
7/11/18 5:14,165.2,0.1073,8.28,189.3,8.69,22.4,T26
7/11/18 5:15,150.1,0.0975,8.6,189.8,8.6,20.7,T27
7/11/18 21:48,-99999,-99999,9.6,-600.8,7.25,19.6,Air
7/11/18 21:50,-99999,-99999,9.07,-99999,7.29,19.2,T42
7/11/18 21:52,-99999,-99999,9.6,153.7,7.06,20.5,T44
7/11/18 21:54,148.9,0.0969,8.37,140.4,8.47,26,T46
7/11/18 21:55,56.3,0.0364,8.56,168.9,7.81,24.4,T48
7/11/18 21:57,25,0.0163,9.18,147.1,8.6,25.7,T30
7/11/18 21:57,134.4,0.0871,8.68,146.5,8.6,26.1,T32
7/11/18 21:58,141.2,0.0917,9.55,146.3,8.67,25.1,T34
7/11/18 22:00,137.9,0.0897,9.24,146.3,8.69,25.9,T36
7/11/18 22:02,144.6,0.0942,9.44,144.8,8.84,26.8,T38
7/11/18 22:02,135.8,0.0884,9.21,146.3,8.48,24.3,T40
7/11/18 22:03,139.4,0.0903,8.82,148.5,8.32,24.6,T47
7/11/18 22:04,72.5,0.0468,9.6,147.3,8.77,25.2,T45
7/11/18 22:05,156.2,0.1014,8.63,148.8,8.57,26.9,T43
7/11/18 22:06,127.2,0.0825,9.41,149.5,8.56,23.7,T41
7/11/18 22:08,-99999,-99999,10.5,131.5,7.5,19.3,Air
7/11/18 22:09,139.2,0.0903,9.66,150.1,8.8,24.9,T29
7/11/18 22:10,134.3,0.0871,9.31,152.1,8.48,23.8,T31
7/11/18 22:12,135.4,0.0878,9.57,152.9,8.57,23.8,T33
7/11/18 22:14,157.5,0.1021,9.01,154.8,8.71,26.6,T35
7/11/18 22:15,140.2,0.091,9.01,155.8,8.64,25.9,T37
7/11/18 22:19,135.4,0.0878,9.58,159,8.81,25,T39
7/11/18 22:21,148.5,0.0969,9.09,163.2,8.69,25.7,T27
7/11/18 22:23,146.6,0.0955,9.8,161.9,9.14,25.7,T25
7/11/18 22:24,139.2,0.0903,9.4,166.8,8.59,23.9,T23
7/11/18 22:26,149.8,0.0975,8.98,169.5,8.61,25.4,T21
7/11/18 22:27,153.6,0.1001,9.22,169.2,8.85,26.2,T19
7/11/18 22:28,134,0.0871,9.44,170.6,8.66,24.2,T17
7/11/18 22:29,144.8,0.0942,9.31,171.5,8.72,25.8,T15
7/11/18 22:30,154.3,0.1001,9.2,172,8.82,26.4,T13
7/11/18 22:31,126.5,0.0825,9.48,173.2,8.58,23.8,T14
7/11/18 22:32,138,0.0897,9.09,175.4,8.51,24.8,T16
7/11/18 22:33,141.1,0.0917,9.18,176.2,8.59,24.6,T18
7/11/18 22:34,151.2,0.0981,9.08,176.7,8.69,25.5,T20
7/11/18 22:36,182.5,0.1183,9.23,176.6,8.76,25.6,T22
7/11/18 22:38,157.8,0.1027,9.13,176.2,8.85,26.8,T24
7/11/18 22:40,7.8,0.0052,9.25,178.5,8.83,26.3,T26
7/11/18 22:41,141.9,0.0923,9.67,179.3,8.75,24.2,T28
7/11/18 22:43,152,0.0988,8.84,180.8,8.63,25.8,T12
7/11/18 22:44,137.4,0.089,9.08,181.4,8.59,24.6,T10
7/11/18 22:45,135.5,0.0878,9.54,182,8.67,24.3,T8
7/11/18 22:46,153.3,0.0994,8.83,182.2,8.72,26.2,T6
7/11/18 22:47,153.4,0.0994,8.6,183.2,8.59,26.3,T4
7/11/18 22:48,146.4,0.0949,9.44,182.1,8.84,25.4,T2
7/11/18 22:49,141.6,0.0923,8.97,183.8,8.61,25.2,T1
7/11/18 22:51,137.2,0.089,9.08,185.6,8.48,24.3,T3
7/11/18 22:52,148.5,0.0962,9.47,184.6,8.8,25.9,T5
7/11/18 22:53,150.7,0.0981,9.32,185.1,8.72,25.1,T7
7/11/18 22:55,131.9,0.0858,9.13,187,8.52,23.7,T9
7/11/18 22:56,163,0.106,8.45,186.4,8.7,27,T11
7/11/18 22:57,-99999,-99999,10.97,317.3,6.9,19.9,Air
7/12/18 4:25,-99999,-99999,9.81,176,8.23,15.3,Air
7/12/18 4:27,130.7,0.0851,8.32,159.3,8.45,20.7,T41
7/12/18 4:29,150.5,0.0981,7.61,164,8.47,24,T43
7/12/18 4:30,140,0.091,8.63,176.5,8.7,22.2,T45
7/12/18 4:31,138.5,0.0903,8.09,192,8.25,21.4,T47
7/12/18 4:32,134.6,0.0878,8.58,244.1,8.72,21.9,T39
7/12/18 4:33,139,0.0903,8.01,240.5,8.53,22.9,T37
7/12/18 4:34,154.8,0.1008,7.82,246.7,8.56,23.7,T35
7/12/18 4:35,134.9,0.0878,8.75,254.9,8.46,20.9,T33
7/12/18 4:36,130.9,0.0851,8.39,313.5,8.35,20.9,T31
7/12/18 4:37,137.1,0.089,8.59,306.4,8.7,21.8,T29
7/12/18 4:39,-99999,-99999,9.21,313.7,8.38,17.3,Air
7/12/18 4:40,153.8,0.1001,8.08,278.4,8.73,23.3,T13
7/12/18 4:40,142.4,0.0923,8.41,281.2,8.64,22.7,T15
7/12/18 4:41,135.1,0.0878,8.67,283.8,8.58,21.3,T17
7/12/18 4:42,151.1,0.0981,8.16,288.7,8.75,23.3,T19
7/12/18 4:43,152.9,0.0994,8.03,290.5,8.47,22,T21
7/12/18 4:44,137.6,0.0897,8.7,292.8,8.51,20.9,T23
7/12/18 4:45,142,0.0923,8.46,283.9,9.06,22.8,T25
7/12/18 4:46,149.9,0.0975,8.15,285.7,8.59,22.3,T27
7/12/18 4:47,0.1,0,9.36,321.1,8.44,17.2,Air
7/12/18 4:47,0.1,0,9.24,317.6,8.48,17.2,Air
7/12/18 4:48,157.1,0.1021,7.32,293.4,8.54,23.9,T11
7/12/18 4:49,135.8,0.0884,8.41,296.4,8.44,20.9,T9
7/12/18 4:49,152.3,0.0988,8.33,320.1,8.63,22.1,T7
7/12/18 4:50,146.7,0.0955,8.41,310,8.71,22.8,T5
7/12/18 4:51,136.5,0.0884,8.5,305.8,8.43,21.4,T3
7/12/18 4:52,142.8,0.093,7.96,304,8.49,22.1,T1
7/12/18 4:54,0.1,0,10.33,341.2,8.36,16.8,Air
7/12/18 4:54,152.2,0.0988,8.31,303,8.74,22.3,T2
7/12/18 4:55,150.5,0.0981,7.56,299.1,8.48,23.3,T4
7/12/18 4:55,153.9,0.1001,7.82,331.7,8.6,23.2,T6
7/12/18 4:56,136.8,0.089,8.81,340.1,8.61,21.2,T8
7/12/18 4:58,143.5,0.093,8.24,320.7,8.49,21.7,T10
7/12/18 4:58,159.1,0.1033,7.87,315.5,8.53,22.7,T12
7/12/18 4:59,0.1,0,9.47,397,8.27,17.3,Air
7/12/18 5:00,141,0.0917,8.68,364.7,8.64,21,T28
7/12/18 5:01,159.7,0.104,8.14,349.7,8.8,23.5,T26
7/12/18 5:01,166.2,0.1079,7.91,374.6,8.74,23.7,T24
7/12/18 5:02,184.4,0.1196,8.22,359.4,8.65,22.6,T22
7/12/18 5:03,150.5,0.0981,8.03,412.8,8.56,22.3,T20
7/12/18 5:03,147.4,0.0955,8.32,391.2,8.48,21.7,T18
7/12/18 5:04,135.6,0.0884,8.16,405.7,8.4,21.7,T16
7/12/18 5:05,127.8,0.0832,8.68,401.9,8.47,20.5,T14
7/12/18 5:05,0.1,0,10.07,394.3,8.29,17.8,Air
7/12/18 5:06,139.7,0.091,8.13,385.2,8.6,22.5,T30
7/12/18 5:06,156.5,0.1014,7.68,375.2,8.49,23.5,T32
7/12/18 5:07,139.7,0.091,8.52,422.6,8.54,21.8,T34
7/12/18 5:08,143.4,0.093,8.18,413.1,8.57,22.6,T36
7/12/18 5:08,143.7,0.0936,8.02,403.9,8.68,23.5,T38
7/12/18 5:09,135.6,0.0884,8.22,387.8,8.32,20.8,T40
7/12/18 5:10,152.8,0.0994,8.01,391.3,8.7,23.7,T48
7/12/18 5:10,148.7,0.0969,7.46,377.2,8.34,22.7,T46
7/12/18 5:11,139.6,0.091,8.21,390.9,8.81,22.6,T44
7/12/18 5:12,140.8,0.0917,8.15,395.7,8.38,21.5,T42
7/12/18 5:13,-99999,-99999,9.47,444.3,8.23,17.6,Air
7/25/18 5:44,169.8,0.1105,7.75,141.6,8.84,23.9,T1
7/25/18 5:45,179,0.1164,7.94,144.7,8.91,24.4,T2
7/25/18 5:45,160.1,0.104,7.97,148.3,8.74,23.3,T3
7/25/18 5:46,182.2,0.1183,7.86,151.4,8.95,25.4,T4
7/25/18 5:46,175,0.1138,7.94,153.9,9.1,24.8,T5
7/25/18 5:47,186.9,0.1216,7.47,159.3,8.91,25.3,T6
7/25/18 5:47,175.3,0.1138,8.41,159.1,9.01,23.8,T7
7/25/18 5:48,160.4,0.104,8.07,161.1,8.84,22.9,T8
7/25/18 5:48,154.2,0.1001,8.16,163.4,8.78,22.8,T9
7/25/18 5:48,162.9,0.106,8.05,164.9,8.74,23.8,T10
7/25/18 5:49,197.5,0.1287,7.3,167.9,8.78,25.8,T11
7/25/18 5:49,184.4,0.1196,7.92,166.6,9.04,24.8,T12
7/25/18 5:50,183.1,0.119,7.92,167.6,9.08,25.3,T13
7/25/18 5:50,182.3,0.1183,7.9,167.5,9.08,25.3,T13
7/25/18 5:50,145.2,0.0942,8.51,167.5,8.93,22.3,T14
7/25/18 5:51,173.1,0.1124,8.16,170.8,9,24.5,T15
7/25/18 5:51,154.8,0.1008,8.41,170.9,8.95,23.5,T16
7/25/18 5:52,155,0.1008,8.42,172.9,8.83,22.9,T17
7/25/18 5:52,166.4,0.1079,7.89,174.9,8.72,23.6,T18
7/25/18 5:52,178.7,0.1164,8.27,173.9,9.21,25.3,T19
7/25/18 5:53,187.8,0.1222,7.71,175.7,8.9,24.4,T20
7/25/18 5:53,178.7,0.1164,8.05,176.4,8.94,23.9,T21
7/25/18 5:54,209.5,0.1365,7.62,177.9,8.89,24.8,T22
7/25/18 5:54,158.1,0.1027,8.52,177,8.95,22.8,T23
7/25/18 5:54,194.4,0.1261,7.38,179,9.01,25.6,T24
7/25/18 5:55,157.7,0.1027,8.21,177.4,9.02,25,T25
7/25/18 5:55,200.8,0.1307,7.33,179.8,9.04,25.5,T26
7/25/18 5:56,177.1,0.1151,7.8,180.1,8.88,24.4,T27
7/25/18 5:56,162.9,0.106,7.94,180.2,8.96,23,T28
7/25/18 5:57,160.1,0.104,8.25,181.7,9.01,23.4,T29
7/25/18 5:58,171.7,0.1118,7.87,182.6,8.91,24.4,T30
7/25/18 5:58,148,0.0962,8.05,183.5,8.63,22.5,T31
7/25/18 5:58,173.9,0.1131,7.69,184.8,8.94,25.4,T32
7/25/18 5:58,180,0.117,7.69,184.7,8.94,25.4,T32
7/25/18 5:59,144.4,0.0936,8.19,184.2,8.84,22.9,T33
7/25/18 5:59,164.6,0.1073,8.36,185.3,8.83,23.7,T34
7/25/18 5:59,189.3,0.1228,8.15,187.1,8.92,25.3,T35
7/25/18 6:00,165.7,0.1079,7.56,187.1,8.76,24.6,T36
7/25/18 6:00,170.7,0.1112,7.44,188.4,8.71,24.8,T37
7/25/18 6:01,175.5,0.1144,7.61,188.3,8.94,25.6,T38
7/25/18 6:01,155.5,0.1008,8.03,188.4,8.8,23.5,T39
7/25/18 6:01,160.4,0.104,8.1,189.7,8.63,22.7,T40
7/25/18 6:02,140,0.091,8.86,191.1,8.54,21.6,T41
7/25/18 6:02,159.1,0.1033,7.98,191.6,8.69,23.4,T42
7/25/18 6:02,188.5,0.1228,7.37,192.3,8.79,25.6,T43
7/25/18 6:03,169.2,0.1099,7.1,191.8,8.62,24.9,T44
7/25/18 6:03,160.6,0.1047,7.78,192,8.7,23.9,T45
7/25/18 6:03,177.3,0.1151,7.67,193,8.75,24.7,T46
7/25/18 6:04,158,0.1027,8.12,192.6,8.69,23,T47
7/25/18 6:04,183.2,0.119,7.07,194.3,8.69,25.9,T48
7/25/18 6:04,2.4,0.0013,8.13,201.9,7.77,24.2,Air
7/25/18 21:33,-99999,-99999,8.85,143.4,7.14,23,Air
7/25/18 21:34,184.6,0.1203,8.13,79.8,8.79,31.2,T48
7/25/18 21:34,160.1,0.104,8.96,79.9,8.81,28.4,T47
7/25/18 21:35,180.9,0.1177,9,86.3,8.94,30,T46
7/25/18 21:35,164,0.1066,8.65,90.4,8.83,29,T45
7/25/18 21:36,173.4,0.1124,8.3,98.2,8.75,30.1,T44
7/25/18 21:36,189.1,0.1228,8.65,102.2,8.96,31.2,T43
7/25/18 21:37,163.7,0.1066,8.98,106.3,8.84,28.6,T42
7/25/18 21:38,143.8,0.0936,8.98,111.7,8.78,27.1,T41
7/25/18 21:39,159.9,0.104,8.96,115.8,8.74,28,T40
7/25/18 21:39,162.8,0.106,9.18,116.3,8.94,28.7,T39
7/25/18 21:40,182.4,0.1183,8.82,117.6,9.03,30.9,T38
7/25/18 21:40,173.9,0.1131,8.75,119.9,8.88,30.1,T37
7/25/18 21:41,168.1,0.1092,8.52,121.7,8.84,29.8,T36
7/25/18 21:41,194.4,0.1261,9.67,123.5,9.05,30.2,T35
7/25/18 21:42,162.8,0.106,9.74,124.8,8.99,28.6,T34
7/25/18 21:42,152.1,0.0988,9.63,126.5,8.94,27.4,T33
7/25/18 21:43,177.7,0.1157,8.88,129.2,9.04,30.7,T32
7/25/18 21:43,154.4,0.1001,9.17,130.6,8.76,27.3,T31
7/25/18 21:44,168.4,0.1092,9.12,132.2,8.99,29.2,T30
7/25/18 21:44,160,0.104,9.81,131.7,9.14,28.5,T29
7/25/18 21:45,165.6,0.1079,8.86,134.5,9.01,28.4,T28
7/25/18 21:45,178.8,0.1164,8.91,135.8,8.97,29.9,T27
7/25/18 21:46,200.2,0.13,8.84,136.7,9.12,31,T26
7/25/18 21:46,156.3,0.1014,9.81,134.5,9.16,30.2,T25
7/25/18 21:47,138.8,0.0903,9.16,138.9,8.92,29.9,T25
7/25/18 21:47,194.1,0.1261,9.13,138.1,9.15,31.2,T24
7/25/18 21:48,158.8,0.1033,9.68,138.5,9.08,27.8,T23
7/25/18 21:48,205.5,0.1339,9.19,141.3,9.04,29.9,T22
7/25/18 21:49,179.8,0.117,9.4,141.1,9.07,29.3,T21
7/25/18 21:49,182.5,0.119,8.97,142.7,9,29.6,T20
7/25/18 21:50,181.4,0.1177,9.93,141.2,9.31,30.5,T19
7/25/18 21:50,169.2,0.1099,9.11,144.2,8.88,28.5,T18
7/25/18 21:50,155.7,0.1014,9.61,144.9,8.96,27.7,T17
7/25/18 21:51,155.9,0.1014,9.57,145.7,9.05,28.4,T16
7/25/18 21:51,172,0.1118,9.53,146.7,9.12,29.7,T15
7/25/18 21:52,144.7,0.0942,9.49,146.2,9.02,27.3,T14
7/25/18 21:52,179.3,0.1164,9.32,148.4,9.17,30.6,T13
7/25/18 21:53,188.1,0.1222,9.11,148.7,9.13,30.2,T12
7/25/18 21:54,193.5,0.1255,8.59,150.7,8.94,31.2,T11
7/25/18 21:54,163.8,0.1066,9.12,150.4,8.88,28.9,T10
7/25/18 21:54,157.5,0.1021,9.14,151.6,8.88,27.8,T9
7/25/18 21:55,162.8,0.106,9.06,152.3,8.92,28,T8
7/25/18 21:55,180.4,0.117,9.63,152.2,9.1,28.9,T7
7/25/18 21:56,190.2,0.1235,8.82,153.6,9,30.4,T6
7/25/18 21:56,177.2,0.1151,9.13,152.3,9.15,30.2,T5
7/25/18 21:57,184,0.1196,9.57,152.9,9.12,30.6,T4
7/25/18 21:57,160.9,0.1047,9.37,153.8,8.93,28.3,T3
7/25/18 21:58,181.3,0.1177,9.48,155.3,9.05,29.7,T2
7/25/18 21:58,171.8,0.1118,9.13,155.3,9.01,29.3,T1
7/25/18 21:58,1.7,0.0013,8.33,164.3,8.67,27.8,Air
7/26/18 5:04,-99999,-99999,9.97,156.5,7.77,15.5,Air
7/26/18 5:04,170.7,0.1112,7.63,181.9,8.84,24.1,T1
7/26/18 5:05,180.3,0.117,7.88,179.1,8.94,24.6,T2
7/26/18 5:05,159,0.1033,8.06,177.7,8.86,23.7,T3
7/26/18 5:05,183.3,0.119,7.93,178.4,9.02,25.5,T4
7/26/18 5:06,180.5,0.1177,7.75,177.4,9.1,25.1,T5
7/26/18 5:06,188.4,0.1222,7.45,178.7,8.95,25.6,T6
7/26/18 5:07,176.6,0.1151,8.41,177.7,9.06,24.1,T7
7/26/18 5:07,162.3,0.1053,7.94,178.3,8.87,23.3,T8
7/26/18 5:08,159,0.1033,8.11,178.8,8.82,23.1,T9
7/26/18 5:08,166.5,0.1085,7.93,179.8,8.77,24.1,T10
7/26/18 5:09,200.8,0.1307,7.37,181.2,8.86,26.1,T11
7/26/18 5:09,186,0.1209,7.77,179.6,9.06,25.1,T12
7/26/18 5:10,188.7,0.1228,7.82,178.9,9.12,25.6,T13
7/26/18 5:10,141,0.0917,8.32,178.1,8.96,22.7,T14
7/26/18 5:11,176.4,0.1144,8.16,179,9.08,24.8,T15
7/26/18 5:11,159.8,0.104,8.37,178.8,9,23.8,T16
7/26/18 5:12,154.5,0.1008,8.55,179.7,8.92,23.2,T17
7/26/18 5:12,167.8,0.1092,7.86,181.2,8.78,23.9,T18
7/26/18 5:13,179.4,0.1164,8.23,179.8,9.25,25.5,T19
7/26/18 5:13,181,0.1177,7.63,180.9,8.94,24.6,T20
7/26/18 5:13,182.2,0.1183,8.04,181,9,24.1,T21
7/26/18 5:14,211.9,0.1378,7.72,181.3,8.95,25.1,T22
7/26/18 5:14,160.5,0.1047,8.54,179.9,9.01,23.1,T23
7/26/18 5:15,198.8,0.1293,7.34,181.2,9.05,25.9,T24
7/26/18 5:15,161.1,0.1047,8.07,178.9,9.05,25.3,T25
7/26/18 5:16,203.1,0.1319,7.16,181.2,9.04,25.7,T26
7/26/18 5:16,181,0.1177,7.8,180.7,8.93,24.7,T27
7/26/18 5:17,168.9,0.1099,7.79,180.6,8.94,23.4,T28
7/26/18 5:17,162.3,0.1053,8.31,180.2,9.06,23.7,T29
7/26/18 5:18,170.3,0.1105,7.78,181,8.94,24.7,T30
7/26/18 5:18,152.6,0.0994,8.14,181.7,8.68,22.8,T31
7/26/18 5:19,179.8,0.117,7.52,182,8.97,25.8,T32
7/26/18 5:19,151.9,0.0988,8.51,181.4,8.89,22.9,T33
7/26/18 5:20,166.5,0.1079,8.34,182.2,8.87,24,T34
7/26/18 5:20,193.5,0.1255,8.05,183.1,8.95,25.5,T35
7/26/18 5:20,169.8,0.1105,7.37,182.9,8.75,25,T36
7/26/18 5:21,173.8,0.1131,7.41,183.7,8.76,25.1,T37
7/26/18 5:21,182.5,0.119,7.52,183.2,8.94,25.9,T38
7/26/18 5:22,164.9,0.1073,7.9,183.4,8.84,23.8,T39
7/26/18 5:22,160.8,0.1047,8.04,184.4,8.66,23,T40
7/26/18 5:23,148.7,0.0969,8,184.2,8.67,22.7,T41
7/26/18 5:23,163.9,0.1066,7.77,185.1,8.7,23.8,T42
7/26/18 5:24,188.7,0.1228,7.39,185.3,8.87,26.1,T43
7/26/18 5:24,173.8,0.1131,6.98,185,8.61,25,T44
7/26/18 5:25,164.2,0.1066,7.56,184.9,8.7,24.2,T45
7/26/18 5:25,182.1,0.1183,7.52,185.5,8.8,25,T46
7/26/18 5:25,161.7,0.1053,8.02,185,8.71,23.3,T47
7/26/18 5:26,189.5,0.1228,7.01,186.3,8.72,26.1,T48
7/26/18 5:27,0.7,0.0007,6.23,192.8,7.65,24.2,Air
8/8/18 5:27,0.6,0.0007,9.54,145.3,7.64,17.7,Air
8/8/18 5:28,166.7,0.1085,7.54,236.4,8.85,23.9,T42
8/8/18 5:29,183.7,0.1196,6.63,230.4,8.59,24.9,T44
8/8/18 5:30,193.8,0.1261,7.13,238.1,8.78,25,T46
8/8/18 5:31,198.7,0.1293,6.93,244.6,8.76,26.1,T48
8/8/18 5:32,168,0.1092,7.84,251,8.67,23.3,T47
8/8/18 5:32,168.5,0.1092,7.55,248.3,8.76,24.2,T45
8/8/18 5:33,196.9,0.1281,6.59,255,8.65,26.2,T43
8/8/18 5:34,153.6,0.1001,8.43,251.2,8.9,22.6,T41
8/8/18 5:34,176.6,0.1151,7.96,248.2,9.02,24.7,T30
8/8/18 5:35,186.3,0.1209,7.28,240.7,8.95,25.7,T32
8/8/18 5:36,164.8,0.1073,8.17,239.1,9.02,23.9,T34
8/8/18 5:37,176.7,0.1151,6.86,241.6,8.58,24.9,T36
8/8/18 5:38,201.4,0.1307,6.78,253.6,8.69,25.9,T38
8/8/18 5:38,168,0.1092,8.14,280.6,8.78,23.1,T40
8/8/18 5:39,178.5,0.1157,7.57,275.9,8.78,23.7,T39
8/8/18 5:40,172.6,0.1124,7.46,302.4,8.79,25,T37
8/8/18 5:40,208.4,0.1352,6.98,294.1,8.74,25.8,T35
8/8/18 5:41,157.1,0.1021,8.24,305.5,8.96,22.7,T33
8/8/18 5:41,153.8,0.1001,8.28,300.5,8.89,22.7,T31
8/8/18 5:42,168.2,0.1092,7.82,292.7,8.91,23.7,T29
8/8/18 5:43,151.6,0.0988,7.91,289.7,8.76,22.3,T14
8/8/18 5:43,160.8,0.1047,7.86,286.9,8.96,23.6,T16
8/8/18 5:44,170.2,0.1105,8.1,287,9.06,23.6,T18
8/8/18 5:44,189.9,0.1235,7.4,294.6,8.97,24.3,T20
8/8/18 5:45,204.7,0.1333,7.34,285.6,8.94,25,T22
8/8/18 5:46,209.2,0.1359,6.58,298.7,8.86,25.6,T24
8/8/18 5:47,216.4,0.1404,6.74,297.4,8.82,25.4,T26
8/8/18 5:47,170.9,0.1112,7.51,317.5,8.78,23.3,T28
8/8/18 5:48,178.3,0.1157,7.92,338.1,9.07,24.4,T27
8/8/18 5:49,161.9,0.1053,6.97,325.6,8.89,24.9,T25
8/8/18 5:49,163.9,0.1066,7.92,335.9,8.96,22.9,T23
8/8/18 5:50,182.1,0.1183,7.75,331,9.03,23.9,T21
8/8/18 5:51,183.6,0.1196,7.4,338,9.06,25.3,T19
8/8/18 5:51,155,0.1008,8.31,330.6,8.98,23,T17
8/8/18 5:52,190.3,0.1235,7.47,342.9,8.89,24.4,T15
8/8/18 5:52,178.6,0.1164,7.21,334.6,8.9,25.2,T13
8/8/18 5:53,189.5,0.1235,7.61,327.6,8.99,24.1,T2
8/8/18 5:53,187.8,0.1222,7.42,321.2,8.92,25.1,T4
8/8/18 5:54,192.5,0.1255,6.89,327.7,8.71,25.2,T6
8/8/18 5:55,-99999,-99999,8.16,325.9,9.03,22.9,T8
8/8/18 5:56,-99999,-99999,7.66,347.4,8.86,23.8,T10
8/8/18 5:56,-99999,-99999,7.07,337.1,8.79,24.8,T12
8/8/18 5:57,198.1,0.1287,6.87,356.6,8.71,25.6,T11
8/8/18 5:58,160,0.104,8.28,343.2,8.99,22.8,T9
8/8/18 5:58,189.3,0.1228,7.66,372.6,8.87,23.8,T7
8/8/18 5:59,195.8,0.1274,6.89,366.8,8.65,24.5,T5
8/8/18 6:00,169.9,0.1105,7.99,374.6,8.86,23,T3
8/8/18 6:01,177.9,0.1157,7.71,361,8.89,23.9,T1
8/8/18 6:02,0.1,0,7.87,325.6,8.71,20.4,Air
8/8/18 21:01,1.7,0.0013,9.19,204.7,6.44,26.1,Air
8/8/18 21:21,177.3,0.1151,9,140.3,8.97,29.9,T1
8/8/18 21:22,170.4,0.1105,9.44,142.3,9.02,28.5,T3
8/8/18 21:23,195.5,0.1274,8.8,147.7,8.88,30.6,T5
8/8/18 21:24,184.8,0.1203,9.32,148.4,9.03,29.5,T7
8/8/18 21:25,147.7,0.0962,9.45,150.8,9.07,28.4,T9
8/8/18 21:26,195.8,0.1274,8.94,153.3,8.94,31.6,T11
8/8/18 21:29,182.7,0.119,9.63,160,9.14,30.9,T13
8/8/18 21:30,189.5,0.1228,9.39,160.7,9.07,30.1,T15
8/8/18 21:31,158,0.1027,9.68,160.7,9.09,28,T17
8/8/18 21:33,183.2,0.119,9.43,159.8,9.22,31,T19
8/8/18 21:35,186.5,0.1209,9.47,159.9,9.17,29.7,T21
8/8/18 21:37,162.3,0.1053,9.45,160.9,9.11,28.2,T23
8/8/18 21:38,164.6,0.1073,9.22,159.6,9.15,30.6,T25
8/8/18 21:40,175.6,0.1144,9.95,161.2,9.24,30.4,T27
8/8/18 21:42,-99999,-99999,10.02,192.2,7.82,19.9,Air
8/8/18 21:43,189.2,0.1228,9.27,196.4,9.13,29.9,T2
8/8/18 21:44,187.2,0.1216,9.2,190.2,9.11,30.8,T4
8/8/18 21:45,192.8,0.1255,8.56,187.6,8.89,30.8,T6
8/8/18 21:46,171.7,0.1118,9.23,183.7,9.11,28.3,T8
8/8/18 21:47,168.1,0.1092,8.65,180.9,8.97,29.2,T10
8/8/18 21:48,195,0.1267,8.99,179.2,9.01,30.7,T12
8/8/18 21:50,150,0.0975,9.4,203.7,9.04,27.6,T29
8/8/18 21:51,155.8,0.1014,9.23,198.3,9.01,27.2,T31
8/8/18 21:53,159.2,0.1033,9.31,193.7,9.08,27.3,T33
8/8/18 21:53,209.2,0.1359,8.71,192.9,8.95,30.7,T35
8/8/18 21:55,175.9,0.1144,9.02,188.2,8.98,30.2,T37
8/8/18 21:56,176.9,0.1151,9.12,186.7,8.98,28.8,T39
8/8/18 21:57,156.8,0.1021,8.74,213.7,8.87,27,T14
8/8/18 21:58,161.3,0.1047,9.06,208.6,9.05,28.3,T16
8/8/18 21:59,168.7,0.1099,9.4,201.9,9.14,28.5,T18
8/8/18 22:00,192.5,0.1255,9.04,197.1,9.1,29.7,T20
8/8/18 22:01,203.9,0.1326,9.02,190.1,9.09,30,T22
8/8/18 22:02,212.5,0.1385,8.25,187.8,9.04,31.2,T24
8/8/18 22:04,221.9,0.1443,8.4,185.7,9.02,31,T26
8/8/18 22:05,172.5,0.1118,8.8,184.2,8.95,28.5,T28
8/8/18 22:08,154.6,0.1008,8.97,374,8.88,27,T41
8/8/18 22:09,200.3,0.13,7.59,325.1,8.8,31.1,T43
8/8/18 22:10,168.8,0.1099,8.82,304.8,8.95,29,T45
8/8/18 22:11,167.1,0.1085,8.76,291.9,8.83,28.3,T47
8/8/18 22:14,-99999,-99999,10.95,166.6,7.02,18.4,Air
8/8/18 22:15,178.5,0.1164,9.45,278.9,9.16,29.3,T30
8/8/18 22:16,186.4,0.1209,8.84,267.6,9.1,30.5,T32
8/8/18 22:17,166.7,0.1085,9.35,257.6,9.13,28.4,T34
8/8/18 22:19,186.5,0.1209,7.92,251.9,8.73,29.6,T36
8/8/18 22:19,200.4,0.13,8.4,248.2,8.91,30.9,T38
8/8/18 22:20,171.4,0.1112,9.3,241.3,8.95,27.9,T40
8/8/18 22:21,175,0.1138,8.52,278.4,8.92,28.4,T42
8/8/18 22:22,189.2,0.1228,8.01,269.2,8.79,29.9,T44
8/8/18 22:23,115.4,0.0748,8.57,256.2,8.94,30,T46
8/8/18 22:24,199.8,0.13,8.36,250.1,8.92,30.9,T48
8/8/18 22:25,0.1,0,10.56,261.2,6.06,22.4,Air
8/9/18 5:30,0.6,0.0007,9.83,66.2,6.32,17.7,Air
8/9/18 5:32,177.6,0.1157,7.43,113.9,8.9,24.4,T1
8/9/18 5:34,171.5,0.1112,7.92,281.8,8.89,23.6,T3
8/9/18 5:35,197.5,0.1287,6.91,278.1,8.71,25.2,T5
8/9/18 5:35,182.3,0.1183,7.7,282.6,8.93,24.5,T7
8/9/18 5:36,161.4,0.1047,8.16,311.5,9,23.5,T9
8/9/18 5:37,199,0.1293,6.86,307.4,8.75,26,T11
8/9/18 5:37,198.1,0.1287,7.05,341.2,8.82,25.5,T12
8/9/18 5:38,168.6,0.1099,7.48,326,8.87,24.5,T10
8/9/18 5:39,170.7,0.1112,8,346.9,9.03,23.6,T8
8/9/18 5:39,196.1,0.1274,6.85,335.7,8.73,25.8,T6
8/9/18 5:40,189.2,0.1228,7.39,358.2,8.98,25.5,T4
8/9/18 5:41,193.6,0.1261,7.56,343.3,9.01,24.5,T2
8/9/18 5:41,187.4,0.1216,7.34,335.2,8.98,25.7,T13
8/9/18 5:42,191,0.1241,7.47,330.3,8.95,24.9,T15
8/9/18 5:43,158,0.1027,8.28,350.9,9,23.5,T17
8/9/18 5:43,186.9,0.1216,7.38,344.3,9.09,25.8,T19
8/9/18 5:44,186.8,0.1216,7.63,356.3,9.06,24.4,T21
8/9/18 5:44,164.6,0.1073,7.92,348.5,8.99,23.5,T23
8/9/18 5:45,167,0.1085,6.84,364.4,8.92,25.5,T25
8/9/18 5:45,180.8,0.1177,7.94,357.5,9.09,25,T27
8/9/18 5:46,173.8,0.1131,7.41,373.3,8.8,23.8,T28
8/9/18 5:47,223.2,0.145,6.6,361.4,8.87,25.9,T26
8/9/18 5:48,213.3,0.1385,6.31,365.5,8.85,26.1,T24
8/9/18 5:48,208.6,0.1359,7.25,355.5,8.95,25.4,T22
8/9/18 5:49,193.4,0.1255,7.3,371.5,8.96,24.7,T20
8/9/18 5:49,173,0.1124,8.03,364.6,9.07,24.1,T18
8/9/18 5:50,163.2,0.106,7.79,368.9,8.97,24,T16
8/9/18 5:51,154.9,0.1008,7.86,364.3,8.78,22.7,T14
8/9/18 5:51,0.3,0,8.19,342.9,8.79,21.1,Air
8/9/18 5:52,168.1,0.1092,7.9,351.2,8.96,24,T29
8/9/18 5:53,155.6,0.1014,8.25,350.7,8.91,23,T31
8/9/18 5:53,159.3,0.1033,8.2,371.9,8.98,23,T33
8/9/18 5:54,212.4,0.1378,6.92,364.9,8.77,25.9,T35
8/9/18 5:54,180.3,0.117,7.43,381.9,8.76,25.3,T37
8/9/18 5:55,183.6,0.1196,7.35,372.3,8.78,24,T39
8/9/18 5:56,171.2,0.1112,8.14,388,8.82,23.5,T40
8/9/18 5:56,207,0.1345,6.67,377.5,8.71,26.2,T38
8/9/18 5:57,190.7,0.1241,6.88,386,8.57,25.2,T36
8/9/18 5:57,169.9,0.1105,8.2,376.3,9.03,24.2,T34
8/9/18 5:58,192.4,0.1248,7.2,382.8,8.96,26,T32
8/9/18 5:58,178.9,0.1164,7.97,373.5,9.05,25,T30
8/9/18 5:59,154.7,0.1008,8.25,379.5,8.91,22.9,T41
8/9/18 6:00,205,0.1333,6.52,374.1,8.67,26.4,T43
8/9/18 6:00,172.7,0.1124,7.52,386,8.8,24.6,T45
8/9/18 6:01,168.6,0.1099,7.71,375.6,8.7,23.6,T47
8/9/18 6:02,201.3,0.1307,6.79,389.9,8.76,26.3,T48
8/9/18 6:02,198.4,0.1287,7.03,380.4,8.8,25.3,T46
8/9/18 6:03,191.3,0.1241,6.69,386.1,8.61,25.1,T44
8/9/18 6:03,174.7,0.1138,7.56,382.5,8.8,24.2,T42
8/9/18 6:04,0.7,0.0007,6.69,363,8.52,21.9,Air
8/22/18 5:26,-99999,-99999,10.6,502.6,7.22,14,Air
8/22/18 5:27,169.9,0.1105,8.65,121.6,9.31,22.3,T13
8/22/18 5:28,150.3,0.0975,9.5,131.3,9.19,19.4,T14
8/22/18 5:28,182.8,0.119,8.86,144.2,9.24,21.6,T15
8/22/18 5:29,160.3,0.104,8.8,153.5,9.04,20.7,T16
8/22/18 5:30,152.5,0.0994,9.47,176.8,9.14,20.1,T17
8/22/18 5:30,169,0.1099,8.89,180.9,9.1,20.8,T18
8/22/18 5:31,175.6,0.1144,8.29,184.8,9.25,22.6,T19
8/22/18 5:32,189.5,0.1235,8.11,190,8.95,21.5,T20
8/22/18 5:33,180.1,0.117,8.71,247.8,9.13,21.1,T21
8/22/18 5:34,204.1,0.1326,8.27,242.9,9.06,22.1,T22
8/22/18 5:34,156.7,0.1021,9.53,239.8,9.24,20,T23
8/22/18 5:35,203.5,0.1319,7.17,241.6,8.91,23,T24
8/22/18 5:36,165.3,0.1073,8.38,250.6,9.16,21.9,T25
8/22/18 5:37,218.7,0.1423,7.35,250.1,9.03,22.3,T26
8/22/18 5:38,169.5,0.1099,9.43,241.5,9.38,21.3,T27
8/22/18 5:39,164.4,0.1066,8.69,243.1,9.06,20.4,T28
8/22/18 5:40,188.1,0.1222,8.45,261.4,9.2,21.8,T12
8/22/18 5:40,196.7,0.1281,7.67,263.5,8.86,22.6,T11
8/22/18 5:41,165.5,0.1079,9.19,259.9,9.16,20.9,T10
8/22/18 5:42,154.7,0.1008,9.37,259.7,9.1,19.9,T9
8/22/18 5:42,168.1,0.1092,9.08,277.3,9.13,20.1,T8
8/22/18 5:43,183.5,0.119,9.11,278,9.2,20.9,T7
8/22/18 5:44,190.9,0.1241,8.04,275.8,8.87,22.3,T6
8/22/18 5:45,198.3,0.1287,7.78,274.1,8.75,21.6,T5
8/22/18 5:45,180.1,0.117,8.47,281.3,9.23,22.1,T4
8/22/18 5:46,164.2,0.1066,9.2,279.1,9.13,20,T3
8/22/18 5:47,182.1,0.1183,8.75,279,9.23,21.1,T2
8/22/18 5:47,171.2,0.1112,9.03,277.2,9.18,20.7,T1
8/22/18 5:48,0.2,0,9.4,263.4,8.77,17,Air
8/22/18 5:49,163.9,0.1066,9.05,331.9,9.18,20.5,T28
8/22/18 5:50,176.7,0.1151,8.61,328.6,9.01,21.7,T29
8/22/18 5:51,152.2,0.0988,9.51,329,9.13,19.6,T30
8/22/18 5:52,156.7,0.1021,9.37,326,9.12,19.6,T31
8/22/18 5:52,186.7,0.1216,7.96,326.7,9.12,22.6,T32
8/22/18 5:53,146.3,0.0949,9.36,363.8,9.14,19.7,T33
8/22/18 5:53,153.7,0.1001,9.39,354.4,9.3,20.8,T34
8/22/18 5:54,213.1,0.1385,7.23,355.6,8.8,22.7,T35
8/22/18 5:55,176.7,0.1151,8.31,350.6,8.92,21.9,T36
8/22/18 5:55,174.2,0.1131,8.5,370.3,8.95,22.1,T37
8/22/18 5:56,202.5,0.1319,7.67,364.5,8.99,22.7,T38
8/22/18 5:57,172.4,0.1118,8.55,359.7,8.91,21.1,T39
8/22/18 5:57,166.4,0.1079,8.98,358.6,8.9,20,T40
8/22/18 5:58,197,0.1281,7.63,409.5,8.9,22.7,T48
8/22/18 5:59,158.3,0.1027,8.97,398.3,8.9,20.2,T47
8/22/18 5:59,185,0.1203,8.48,394.3,9.14,21.8,T46
8/22/18 6:00,162.3,0.1053,8.78,387.6,9.07,21,T45
8/22/18 6:01,185.1,0.1203,8.03,419.2,8.87,21.7,T44
8/22/18 6:01,199.1,0.1293,7.82,403.8,8.96,22.8,T43
8/22/18 6:02,162.1,0.1053,9.15,401.6,9.12,20.7,T42
8/22/18 6:03,146.5,0.0949,9.54,391.6,9.18,19.5,T41
8/22/18 6:03,0.2,0,9.42,378.3,8.98,16.7,Air
8/22/18 20:27,1,0.0007,9.63,173.1,8.06,19.4,Air
8/22/18 20:28,175.5,0.1138,10.9,186.4,9.2,24.2,T1
8/22/18 20:28,197.2,0.1281,11,187.4,9.33,25.1,T2
8/22/18 20:29,162.6,0.106,10.78,189.2,9.27,23,T3
8/22/18 20:29,185.5,0.1203,10.78,191.5,9.36,26,T4
8/22/18 20:30,184.2,0.1196,9.98,195.9,9.02,25.2,T5
8/22/18 20:30,195.9,0.1274,9.93,196.9,9.01,26.1,T6
8/22/18 20:31,176.9,0.1151,11.18,195.4,9.3,24.3,T7
8/22/18 20:31,163,0.106,10.64,195.1,9.24,23.3,T8
8/22/18 20:32,157.2,0.1021,10.43,194.4,9.18,23,T9
8/22/18 20:33,167.9,0.1092,10.77,193.4,9.26,24.1,T10
8/22/18 20:33,193,0.1255,10.01,194,9.06,26.9,T11
8/22/18 20:33,189.1,0.1228,11,191.2,9.35,25.7,T12
8/22/18 20:34,167.8,0.1092,11.58,186,9.49,26,T13
8/22/18 20:35,148.2,0.0962,11.37,185.9,9.34,22.3,T14
8/22/18 20:35,180.5,0.1177,11.14,187.2,9.36,25,T15
8/22/18 20:35,163.9,0.1066,10.11,186.1,9.17,23.6,T16
8/22/18 20:36,152.1,0.0988,10.17,184.9,9.25,22.7,T17
8/22/18 20:36,144.2,0.0936,9.83,185.9,9.19,22.8,T17
8/22/18 20:37,164.3,0.1066,10.08,184.7,9.19,23.8,T18
8/22/18 20:37,174.4,0.1131,10.85,183.8,9.38,26.1,T19
8/22/18 20:38,191.5,0.1248,10.17,184.4,9.11,25.1,T20
8/22/18 20:38,177.9,0.1157,10.67,182.8,9.27,24.4,T21
8/22/18 20:39,208.8,0.1359,10.08,181.8,9.19,25.5,T22
8/22/18 20:39,157.6,0.1027,11.07,178.8,9.35,23,T23
8/22/18 20:40,209.2,0.1359,9.33,181.6,9.07,27.1,T24
8/22/18 20:40,164,0.1066,10.81,177.2,9.35,25.5,T25
8/22/18 20:41,217.9,0.1417,10.06,180.1,9.22,26.6,T26
8/22/18 20:41,164.1,0.1066,11.59,176.2,9.49,24.7,T27
8/22/18 20:42,165.6,0.1079,10.08,176.9,9.17,23.4,T28
8/22/18 20:43,147.2,0.0955,10.29,171.2,9.23,22.5,T29
8/22/18 20:44,173.4,0.1124,10.43,173.3,9.13,24.9,T30
8/22/18 20:44,153,0.0994,10.64,170.1,9.23,22.3,T31
8/22/18 20:45,188.8,0.1228,9.95,174.6,9.19,26.3,T32
8/22/18 20:46,150.6,0.0981,10.7,169.7,9.26,22.4,T33
8/22/18 20:46,152.3,0.0988,11.21,169.2,9.4,23.7,T34
8/22/18 20:47,210.1,0.1365,10.01,173.3,9.03,26.5,T35
8/22/18 20:47,172.4,0.1118,10.12,170.3,9.09,25.2,T36
8/22/18 20:47,174,0.1131,10.62,170.1,9.14,25.4,T37
8/22/18 20:48,195.4,0.1267,10.15,171.1,9.17,26.4,T38
8/22/18 20:49,178.3,0.1157,10.85,169.7,9.15,24.4,T39
8/22/18 20:49,165.6,0.1079,10.74,169.8,9.09,22.9,T40
8/22/18 20:50,145.3,0.0942,10.86,167.9,9.27,22.2,T41
8/22/18 20:50,162.1,0.1053,10.54,168.9,9.22,23.7,T42
8/22/18 20:51,194.2,0.1261,9.62,171.3,9.08,26.6,T43
8/22/18 20:51,189.5,0.1235,9.92,168.4,9.06,25.4,T44
8/22/18 20:51,160.9,0.1047,10.36,167,9.19,24,T45
8/22/18 20:52,185,0.1203,10.95,167.7,9.33,25.2,T46
8/22/18 20:52,160.2,0.104,10.13,167.3,9.09,23.1,T47
8/22/18 20:53,196.9,0.1281,9.76,169.2,9.07,26.3,T48
8/22/18 20:53,0.7,0.0007,9,168.8,8.73,22.4,Air
8/23/18 5:44,0.4,0,10.53,49.2,8.19,13.1,Air
8/23/18 5:46,172.3,0.1118,9.02,144,9.2,19.4,T1
8/23/18 5:47,184.1,0.1196,8.85,190.2,9.26,20,T2
8/23/18 5:48,163.8,0.1066,9.44,217.1,9.18,18.7,T3
8/23/18 5:49,176.9,0.1151,8.64,239.8,9.27,21,T4
8/23/18 5:50,195.2,0.1267,8.18,263.3,8.82,20.5,T5
8/23/18 5:51,194.7,0.1267,8.26,332.4,8.86,21.2,T6
8/23/18 5:53,180.8,0.1177,9.44,356.8,9.24,19.6,T7
8/23/18 5:54,167.1,0.1085,9.05,99999,9.15,18.7,T8
8/23/18 5:55,157.6,0.1027,9.25,99999,9.11,18.6,T9
8/23/18 5:55,166.8,0.1085,9.3,363.1,9.2,19.6,T10
8/23/18 5:56,200,0.13,7.9,365.7,8.86,21.4,T11
8/23/18 5:57,189.9,0.1235,8.76,365.1,9.23,20.5,T12
8/23/18 5:58,165.2,0.1073,9.15,392,9.33,21.2,T13
8/23/18 5:59,145.6,0.0949,9.79,389.4,9.21,18,T14
8/23/18 5:59,180.3,0.117,9.17,385.8,9.27,20.3,T15
8/23/18 6:00,160.6,0.1047,8.58,377.3,9.01,19.3,T16
8/23/18 6:01,151.2,0.0981,9.61,376.6,9.18,18.6,T17
8/23/18 6:02,167.9,0.1092,8.96,375.6,9.11,19.4,T18
8/23/18 6:03,179.3,0.1164,8.42,373.7,9.28,21.3,T19
8/23/18 6:04,188.7,0.1228,8.49,362.3,8.98,20.2,T20
8/23/18 6:05,179.2,0.1164,9.1,369.8,9.19,19.5,T21
8/23/18 6:05,206.5,0.1345,8.31,373.9,9.06,20.8,T22
8/23/18 6:06,156.6,0.1021,9.63,378,9.26,18.5,T23
8/23/18 6:07,208.5,0.1352,7.25,377.9,8.89,21.8,T24
8/23/18 6:08,164.2,0.1066,8.75,405.2,9.17,20.5,T25
8/23/18 6:09,218.3,0.1417,7.62,406.9,9.03,21.2,T26
8/23/18 6:09,168.7,0.1099,9.73,397.3,9.39,19.6,T27
8/23/18 6:10,162.4,0.1053,8.79,394.8,9.05,18.8,T28
8/23/18 6:12,165.7,0.1079,9.13,435.3,9.19,19.2,T29
8/23/18 6:12,178,0.1157,8.83,423.1,9,20.5,T30
8/23/18 6:13,156.7,0.1021,9.55,417.4,9.13,18.3,T31
8/23/18 6:14,186.5,0.1216,8.11,407.7,9.13,21.6,T32
8/23/18 6:16,153.6,0.1001,9.34,447,9.11,18.3,T33
8/23/18 6:17,156.4,0.1014,9.54,429,9.31,19.5,T34
8/23/18 6:18,215,0.1398,7.57,437,8.81,21.6,T35
8/23/18 6:18,176.4,0.1144,8.47,429.1,8.94,20.7,T36
8/23/18 6:19,175,0.1138,8.96,429.1,8.96,20.8,T37
8/23/18 6:20,199.7,0.13,7.89,422.6,9,21.6,T38
8/23/18 6:20,179.7,0.117,9.01,421.3,8.94,19.7,T39
8/23/18 6:21,162.8,0.106,9.37,418.8,8.92,18.5,T40
8/23/18 6:22,161.3,0.1047,9.05,448,8.85,18.5,T47
8/23/18 6:23,166.4,0.1079,8.83,436.7,9.05,19.7,T45
8/23/18 6:23,203.8,0.1326,7.91,428.4,8.98,21.8,T43
8/23/18 6:24,147.9,0.0962,9.53,419.2,9.17,18.2,T41
8/23/18 6:25,167.6,0.1092,9.1,436.1,9.13,19.4,T42
8/23/18 6:26,192.4,0.1248,8.25,430.5,8.89,20.4,T44
8/23/18 6:26,183.5,0.119,8.84,425.5,9.18,20.6,T46
8/23/18 6:27,196.3,0.1274,8,429.5,8.92,21.4,T48
8/23/18 6:29,0.1,0,8.21,425.9,8.67,17.3,Air
9/5/18 6:12,0.2,0,10.23,253.1,7.72,15.1,Air
9/5/18 6:13,181.9,0.1183,9.28,203.8,9.36,17,T1
9/5/18 6:13,172.8,0.1124,9.34,191.7,9.15,16.5,T3
9/5/18 6:16,218.4,0.1417,8.11,86.4,8.78,17.9,T5
9/5/18 6:16,193.1,0.1255,9.4,97.9,9.13,17.4,T7
9/5/18 6:17,168.7,0.1099,9.36,110.8,8.98,16.4,T9
9/5/18 6:18,227.3,0.1475,7.94,120.6,8.85,19,T11
9/5/18 6:20,217.9,0.1417,7.96,133.1,8.89,18.1,T12
9/5/18 6:20,178.5,0.1157,8.85,134.5,8.93,17.1,T10
9/5/18 6:21,178.4,0.1157,8.9,138.8,8.85,16.5,T8
9/5/18 6:21,219.6,0.143,7.93,143.2,8.67,18.6,T6
9/5/18 6:22,198.2,0.1287,8.34,142.2,8.92,18.5,T4
9/5/18 6:23,194.9,0.1267,8.96,142.3,9.05,17.4,T2
9/5/18 6:24,181,0.1177,8.2,142.9,9.01,18.7,T13
9/5/18 6:24,196.4,0.1274,9.06,144.3,9.11,17.9,T15
9/5/18 6:25,161.3,0.1047,9.49,145.7,9.04,16.4,T17
9/5/18 6:25,211,0.1371,7.81,149.5,8.85,18.8,T19
9/5/18 6:26,198.2,0.1287,8.88,149.4,8.93,17,T21
9/5/18 6:27,169.7,0.1105,9.41,148.2,9.07,16.3,T23
9/5/18 6:28,178.7,0.1164,8.46,153.9,8.89,18,T25
9/5/18 6:28,181.1,0.1177,9.08,150.6,9.17,17.3,T27
9/5/18 6:29,177.7,0.1157,8.99,154.4,8.95,16.7,T28
9/5/18 6:30,263.2,0.171,7.26,155.7,8.81,18.6,T26
9/5/18 6:31,245.8,0.1599,7.21,156.7,8.69,19.3,T24
9/5/18 6:32,229.6,0.1495,8.35,154.3,8.85,18.2,T22
9/5/18 6:32,211.8,0.1378,7.89,156.9,8.69,17.6,T20
9/5/18 6:33,181.4,0.1177,9.13,155.4,8.91,17.1,T18
9/5/18 6:34,174.9,0.1138,8.73,157.9,8.78,17,T16
9/5/18 6:34,157.2,0.1021,9.33,157.6,8.82,15.6,T14
9/5/18 6:36,176.8,0.1151,8.86,159.5,8.93,17,T29
9/5/18 6:36,166.5,0.1079,9.08,159.5,8.89,16.2,T31
9/5/18 6:37,163.4,0.106,9.2,163,8.85,16.2,T33
9/5/18 6:38,245.6,0.1599,7.31,164,8.67,19.1,T35
9/5/18 6:38,190.3,0.1235,8.72,162.6,8.74,18.1,T37
9/5/18 6:39,187.7,0.1222,8.89,162.3,8.87,17.3,T39
9/5/18 6:40,176.8,0.1151,9.2,163.9,8.89,16.5,T40
9/5/18 6:41,227.3,0.1475,7.58,168.2,8.73,19.3,T38
9/5/18 6:41,192.9,0.1255,8.38,165.4,8.79,18.3,T36
9/5/18 6:42,168,0.1092,9.28,162,9.03,17.4,T34
9/5/18 6:43,207.2,0.1345,7.97,165.7,8.89,19.1,T32
9/5/18 6:43,198.6,0.1293,8.39,164.9,8.85,18.1,T30
9/5/18 6:44,151,0.0981,9.49,163.6,9,16.1,T41
9/5/18 6:45,226.9,0.1475,7.81,168.9,8.82,19.4,T43
9/5/18 6:46,177.1,0.1151,8.74,165.3,8.87,17.4,T45
9/5/18 6:46,170.3,0.1105,9.17,165.3,8.94,16.5,T47
9/5/18 6:47,220,0.143,7.69,170.1,8.64,19.4,T48
9/5/18 6:47,210.4,0.1365,8.47,166.1,9.03,18.1,T46
9/5/18 6:48,213,0.1385,8.37,167.8,8.93,18,T44
9/5/18 6:49,178.1,0.1157,8.5,166.9,8.88,17.2,T42
9/5/18 6:50,1.2,0.0007,8.16,168.8,8.83,15.6,Air
9/5/18 20:18,0.7,0.0007,10.54,269.5,6.79,20.6,Air
9/5/18 20:19,182.5,0.119,10.65,127.7,9.16,23.5,T1
9/5/18 20:20,177,0.1151,10.43,133.6,9.09,22.2,T3
9/5/18 20:20,224.2,0.1456,9.49,168,8.83,24.6,T5
9/5/18 20:21,196.1,0.1274,10.95,171.7,9.23,23.7,T7
9/5/18 20:22,169.4,0.1099,10.1,213.3,9,22.4,T9
9/5/18 20:22,231.3,0.1502,9.5,214.8,9,26.6,T11
9/5/18 20:23,213,0.1385,9.55,265.4,8.93,25.3,T12
9/5/18 20:23,183.3,0.119,9.89,258.6,8.97,23.3,T10
9/5/18 20:24,180.4,0.117,9.86,295,8.9,22.9,T8
9/5/18 20:25,217.8,0.1417,9.02,285.5,8.75,25.2,T6
9/5/18 20:25,199.5,0.1293,9.87,311.2,8.98,25.4,T4
9/5/18 20:26,196.4,0.1274,10.59,296,9.15,24.3,T2
9/5/18 20:26,181.2,0.1177,9.89,291.2,9.1,25.3,T13
9/5/18 20:27,196,0.1274,10.87,288.6,9.22,24.3,T15
9/5/18 20:28,162.1,0.1053,10.62,307.9,9.09,21.9,T17
9/5/18 20:28,211.6,0.1378,9.23,307.4,8.92,25.4,T19
9/5/18 20:29,199.2,0.1293,10.13,315.3,9.02,23.5,T21
9/5/18 20:29,168.5,0.1092,10.58,329.6,9.11,22.1,T23
9/5/18 20:30,179.1,0.1164,9.9,336.8,9.03,24.7,T25
9/5/18 20:31,181.3,0.1177,10.45,325.2,9.25,24.3,T27
9/5/18 20:31,180.6,0.1177,10.15,349.7,9,23,T28
9/5/18 20:32,263.9,0.1716,9.25,343.7,8.91,25.7,T26
9/5/18 20:33,247.1,0.1605,8.92,344.1,8.87,26.5,T24
9/5/18 20:33,232.6,0.1514,9.58,335.7,8.96,24.7,T22
9/5/18 20:34,210.8,0.1371,9.42,352.2,8.8,24.3,T20
9/5/18 20:34,182.8,0.119,10.07,347.8,8.97,23,T18
9/5/18 20:35,176.8,0.1151,9.78,359.5,8.84,22.8,T16
9/5/18 20:35,158.7,0.1033,10.43,352,8.91,21.2,T14
9/5/18 20:36,177.8,0.1157,9.78,347.2,8.96,22.7,T29
9/5/18 20:37,167,0.1085,10.05,345.3,8.94,21.5,T31
9/5/18 20:37,162.8,0.106,10.07,366,8.91,21.6,T33
9/5/18 20:38,246.6,0.1605,8.61,359.2,8.75,25.7,T35
9/5/18 20:38,193.7,0.1261,9.88,350.5,8.92,24.7,T37
9/5/18 20:39,189.3,0.1228,10.23,346.7,9.01,24,T39
9/5/18 20:40,179.7,0.117,10.2,379.6,8.96,22.7,T40
9/5/18 20:40,227.1,0.1475,9.19,374.4,8.85,25.9,T38
9/5/18 20:41,200,0.13,9.55,377.8,8.87,24.5,T36
9/5/18 20:42,166.6,0.1085,10.37,361.5,9.14,23.1,T34
9/5/18 20:42,210.7,0.1371,9.5,370.6,9,25.7,T32
9/5/18 20:43,198,0.1287,9.57,362.6,8.92,24,T30
9/5/18 20:44,159.3,0.1033,10.26,361,9.02,21.5,T41
9/5/18 20:45,229.5,0.1489,9.1,361.6,8.9,26.1,T43
9/5/18 20:45,176.2,0.1144,9.7,371.1,8.9,23.3,T45
9/5/18 20:46,173,0.1124,9.95,365.5,8.97,22.8,T47
9/5/18 20:46,221.3,0.1437,9.09,381.4,8.82,26.2,T48
9/5/18 20:47,204.9,0.1333,10.24,362.9,9.15,24.5,T46
9/5/18 20:48,213.8,0.1391,9.68,368.4,9.01,24.8,T44
9/5/18 20:48,184.2,0.1196,9.55,362.8,8.94,23,T42
9/5/18 20:49,0.2,0,8.43,346,8.94,19.4,Air
9/6/18 6:05,0.2,0,10.7,216.7,6.76,15.1,Air
9/6/18 6:06,184.2,0.1196,9.02,180.5,9.09,18.2,T1
9/6/18 6:06,176.4,0.1144,9.21,185.8,9.05,17.6,T3
9/6/18 6:07,224.8,0.1463,7.81,202,8.7,19.2,T5
9/6/18 6:08,193.9,0.1261,9.22,200.9,9.1,18.6,T7
9/6/18 6:08,170.8,0.1112,9.09,205.8,8.93,17.5,T9
9/6/18 6:09,235,0.1528,7.46,209.8,8.84,20.3,T11
9/6/18 6:10,221.3,0.1437,7.59,210.2,8.82,19.4,T12
9/6/18 6:11,182.8,0.119,8.58,208.7,8.87,18.3,T10
9/6/18 6:11,182,0.1183,8.64,210.5,8.82,17.7,T8
9/6/18 6:12,221.6,0.1443,7.57,212.5,8.63,19.9,T6
9/6/18 6:13,199.3,0.1293,7.99,211.4,8.84,19.8,T4
9/6/18 6:13,197.6,0.1287,8.57,210.3,9.04,18.7,T2
9/6/18 6:14,185.5,0.1203,7.88,209.5,8.95,19.9,T13
9/6/18 6:15,196.7,0.1281,8.82,209.9,9.14,19.2,T15
9/6/18 6:16,163,0.106,9.28,209.9,9.03,17.5,T17
9/6/18 6:17,216.3,0.1404,7.44,212.4,8.8,20.1,T19
9/6/18 6:17,201.1,0.1307,8.62,211.7,8.92,18.3,T21
9/6/18 6:18,170.4,0.1105,9.21,209.7,9.03,17.4,T23
9/6/18 6:18,183.9,0.1196,8.16,211.8,8.89,19.3,T25
9/6/18 6:19,182.4,0.1183,8.88,210.2,9.15,18.6,T27
9/6/18 6:20,181.9,0.1183,8.8,213.8,8.89,17.8,T28
9/6/18 6:20,269.5,0.1755,6.82,217.4,8.72,19.8,T26
9/6/18 6:21,250.3,0.1625,6.83,216.3,8.64,20.6,T24
9/6/18 6:22,232.4,0.1508,8.04,212.7,8.82,19.5,T22
9/6/18 6:23,212.4,0.1378,7.6,215,8.63,18.9,T20
9/6/18 6:23,186.3,0.1209,8.88,212.9,8.91,18.3,T18
9/6/18 6:24,178.7,0.1164,8.58,214.6,8.76,18.2,T16
9/6/18 6:24,158.4,0.1027,9.33,213.8,8.79,16.6,T14
9/6/18 6:25,178.8,0.1164,8.67,214.6,8.86,18.1,T29
9/6/18 6:25,167.5,0.1092,9.03,214,8.85,17.1,T31
9/6/18 6:26,164.3,0.1066,9.11,215.1,8.86,17.2,T33
9/6/18 6:27,247.8,0.1612,7.26,221,8.57,20.1,T35
9/6/18 6:27,196.2,0.1274,8.17,216.3,8.75,19.5,T37
9/6/18 6:28,192.5,0.1255,8.58,215.8,8.85,18.6,T39
9/6/18 6:29,179.7,0.117,9.1,216.5,8.82,17.6,T40
9/6/18 6:29,228.3,0.1482,7.22,219,8.7,20.6,T38
9/6/18 6:30,200.6,0.1307,8.06,217,8.78,19.5,T36
9/6/18 6:31,168.4,0.1092,9.04,213.7,9.04,18.6,T34
9/6/18 6:31,212.4,0.1378,7.79,216.9,8.86,20.3,T32
9/6/18 6:32,199.4,0.1293,8.2,216.3,8.81,19.3,T30
9/6/18 6:33,159.6,0.104,9.37,214,9,17.1,T41
9/6/18 6:33,230.4,0.1495,7.43,217.2,8.81,20.7,T43
9/6/18 6:34,175.5,0.1144,8.56,215.4,8.79,18.5,T45
9/6/18 6:35,174.4,0.1131,8.97,214.8,8.91,17.7,T47
9/6/18 6:36,225.9,0.1469,7.25,220.5,8.64,20.7,T48
9/6/18 6:36,207.2,0.1345,8.12,215.5,8.97,19.4,T46
9/6/18 6:37,215.1,0.1398,8,216.4,8.89,19.3,T44
9/6/18 6:37,184.6,0.1203,8.33,215.5,8.83,18.4,T42
9/6/18 6:38,0.2,0,8.96,210,8.87,14.7,Air
6/6/18 4:12,,,9.7,,,16.4,air
6/6/18 4:13,,,7.58,,,17.9,1
6/6/18 4:14,,,7.48,,,17,3
6/6/18 4:15,,,7.11,,,18.7,5
6/6/18 4:16,,,7.27,,,17.7,7
6/6/18 4:22,,,7.75,,,16.5,9
6/6/18 4:23,,,6.93,,,19.9,11
6/6/18 4:24,,,7.03,,,19.3,13
6/6/18 4:25,,,7.23,,,18.5,15
6/6/18 4:26,,,7.65,,,17,17
6/6/18 4:27,,,7.18,,,19.5,19
6/6/18 4:28,,,7.39,,,18,21
6/6/18 4:29,,,7.56,,,16.7,23
6/6/18 4:30,,,7.14,,,18.8,25
6/6/18 4:31,,,7.31,,,18,27
6/6/18 4:34,,,10.24,,,12.1,air
6/6/18 4:35,,,7.52,,,17.5,29
6/6/18 4:36,,,7.77,,,16.7,31
6/6/18 4:37,,,7.73,,,16.7,33
6/6/18 4:38,,,6.96,,,19.9,35
6/6/18 4:39,,,7.1,,,19.9,37
6/6/18 4:40,,,7.43,,,17.9,39
6/6/18 4:41,,,7.71,,,16.5,41
6/6/18 4:42,,,6.99,,,19.9,43
6/6/18 4:43,,,7.29,,,18.1,45
6/6/18 4:44,,,7.32,,,16.9,47
6/6/18 4:45,,,10.37,,,12.5,air
6/6/18 4:46,,,7.06,,,18.2,2
6/6/18 4:47,,,7.07,,,19.2,4
6/6/18 4:48,,,7.11,,,19.1,6
6/6/18 4:49,,,7.44,,,16.8,8
6/6/18 4:50,,,7.32,,,17.5,10
6/6/18 4:51,,,7.19,,,18.6,12
6/6/18 4:52,,,7.86,,,16.3,14
6/6/18 4:53,,,7.45,,,17.5,16
6/6/18 4:54,,,7.46,,,17.4,18
6/6/18 4:55,,,7.36,,,18.3,20
6/6/18 4:56,,,7.3,,,18.8,22
6/6/18 4:57,,,7.04,,,19.8,24
6/6/18 4:58,,,7.13,,,19.5,26
6/6/18 4:59,,,7.68,,,16.8,28
6/6/18 5:00,,,10.63,,,12.2,air
6/6/18 5:01,,,7.35,,,18.3,30
6/6/18 5:02,,,7.08,,,19.5,32
6/6/18 5:03,,,7.5,,,17.7,34
6/6/18 5:04,,,7.17,,,18.7,36
6/6/18 5:05,,,7.01,,,19.6,38
6/6/18 5:06,,,7.63,,,16.7,40
6/6/18 5:07,,,7.6,,,17.3,42
6/6/18 5:08,,,7.04,,,18.4,44
6/6/18 5:09,,,7.24,,,18.5,46
6/6/18 5:10,,,7.16,,,19.8,48
6/6/18 21:38,,,7.29,,,24.4,11
6/6/18 21:39,,,7.52,,,23.4,12
6/6/18 21:40,,,7.51,,,22.7,27
6/6/18 21:41,,,11.06,,,15.4,air
6/6/18 21:42,,,7.75,,,21.7,28
6/6/18 21:43,,,7.49,,,24.1,26
6/6/18 21:44,,,7.45,,,23.1,25
6/6/18 21:45,,,7.76,,,21.2,9
6/6/18 21:46,,,7.5,,,22.2,10
6/6/18 21:47,,,7.57,,,21.2,23
6/6/18 21:48,,,7.34,,,24,24
6/6/18 21:49,,,7.63,,,22.4,39
6/6/18 21:50,,,7.77,,,21.3,40
6/6/18 21:51,,,9.91,,,14.9,air
6/6/18 21:52,,,7.35,,,21.4,47
6/6/18 21:53,,,7.37,,,23.9,48
6/6/18 21:54,,,7.44,,,22.7,46
6/6/18 21:55,,,7.48,,,22.1,45
6/6/18 21:56,,,7.27,,,23.8,38
6/6/18 21:57,,,7.42,,,23,37
6/6/18 21:58,,,7.53,,,23,22
6/6/18 21:59,,,7.45,,,22.2,21
6/6/18 22:00,,,7.22,,,22,7
6/6/18 22:01,,,7.55,,,21.2,8
6/6/18 22:02,,,7.32,,,23.3,19
6/6/18 22:03,,,7.55,,,22.6,20
6/6/18 22:04,,,7.13,,,23.6,35
6/6/18 22:05,,,7.31,,,22.7,36
6/6/18 22:06,,,7.21,,,23.6,43
6/6/18 22:07,,,7.27,,,22.7,44
6/6/18 22:15,,,9.86,,,15.1,air
6/6/18 22:16,,,7.68,,,21.5,42
6/6/18 22:17,,,7.77,,,20.6,41
6/6/18 22:18,,,7.6,,,21.8,34
6/6/18 22:19,,,7.8,,,20.8,33
6/6/18 22:20,,,7.62,,,21.6,18
6/6/18 22:21,,,7.64,,,20.9,17
6/6/18 22:22,,,7.29,,,23,6
6/6/18 22:23,,,7.17,,,22.6,5
6/6/18 22:24,,,7.38,,,21.1,3
6/6/18 22:25,,,7.27,,,23.1,4
6/6/18 22:26,,,7.42,,,22.3,15
6/6/18 22:27,,,7.61,,,21.5,16
6/6/18 22:28,,,7.84,,,20.6,31
6/6/18 22:29,,,7.29,,,23.3,32
6/6/18 22:33,,,11.36,,,15.8,air
6/6/18 22:34,,,8.4,,,22.1,30
6/6/18 22:35,,,8.56,,,21.4,29
6/6/18 22:36,,,8.88,,,20.6,14
6/6/18 22:37,,,8.17,,,22.9,13
6/6/18 22:38,,,8.21,,,22.3,2
6/6/18 22:39,,,8.37,,,21.9,1
6/6/18 22:40,,,11.15,,,15.3,air
6/7/18 5:05,,,7.6,,,18.9,1
6/7/18 5:06,,,7.59,,,18.1,3
6/7/18 5:07,,,7.33,,,19.5,5
6/7/18 5:08,,,7.4,,,18.8,7
6/7/18 5:09,,,7.9,,,17.8,9
6/7/18 5:10,,,7.24,,,20.6,11
6/7/18 5:11,,,10.11,,,14.5,air
6/7/18 5:12,,,7.36,,,19.9,13
6/7/18 5:13,,,7.58,,,19.3,15
6/7/18 5:14,,,7.9,,,18,17
6/7/18 5:15,,,7.45,,,20.1,19
6/7/18 5:16,,,7.58,,,18.9,21
6/7/18 5:17,,,7.75,,,17.9,23
6/7/18 5:18,,,7.47,,,19.7,25
6/7/18 5:19,,,7.56,,,19.1,27
6/7/18 5:20,,,10.94,,,13.2,air
6/7/18 5:21,,,7.77,,,18.4,29
6/7/18 5:22,,,8.05,,,17.7,31
6/7/18 5:23,,,8.08,,,17.7,33
6/7/18 5:24,,,7.25,,,20.4,35
6/7/18 5:25,,,7.53,,,19.7,37
6/7/18 5:26,,,7.72,,,18.9,39
6/7/18 5:27,,,10.82,,,13.2,air
6/7/18 5:28,,,7.63,,,19.1,30
6/7/18 5:29,,,7.39,,,20.2,32
6/7/18 5:30,,,7.79,,,18.6,34
6/7/18 5:31,,,7.45,,,19.5,36
6/7/18 5:32,,,7.36,,,20.4,38
6/7/18 5:33,,,7.92,,,17.9,40
6/7/18 5:34,,,10.99,,,12.9,air
6/7/18 5:35,,,7.86,,,18.3,42
6/7/18 5:36,,,7.38,,,19.3,44
6/7/18 5:37,,,7.51,,,19.3,46
6/7/18 5:38,,,7.44,,,20.4,48
6/7/18 5:39,,,10.14,,,13.3,air
6/7/18 5:40,,,7.95,,,17.3,41
6/7/18 5:41,,,7.28,,,20.3,43
6/7/18 5:42,,,7.6,,,18.8,45
6/7/18 5:43,,,7.65,,,17.9,47
6/7/18 5:44,,,10.89,,,12.9,air
6/7/18 5:45,,,8.07,,,17.3,14
6/7/18 5:46,,,7.77,,,18.3,16
6/7/18 5:47,,,7.8,,,18.4,18
6/7/18 5:48,,,7.65,,,19.1,20
6/7/18 5:49,,,7.58,,,19.5,22
6/7/18 5:50,,,7.42,,,20.3,24
6/7/18 5:51,,,7.48,,,20.2,26
6/7/18 5:52,,,7.9,,,18,28
6/7/18 5:53,,,11.13,,,13.4,air
6/7/18 5:54,,,7.42,,,18.9,2
6/7/18 5:55,,,7.4,,,19.7,4
6/7/18 5:56,,,7.61,,,19.7,6
6/7/18 5:57,,,7.72,,,17.8,8
6/7/18 5:58,,,7.61,,,18.4,10
6/7/18 5:59,,,7.47,,,19.4,12
6/27/18 4:41,,,9.6,,,17.1,air
6/27/18 4:42,,,7.97,,8.22,19.8,41
6/27/18 4:43,,,7.31,,8,20.6,42
6/27/18 4:44,,,7.36,,8.27,23.1,43
6/27/18 4:45,,,7.9,,8.47,21.8,44
6/27/18 4:46,,,8.36,,8.44,21.3,45
6/27/18 4:47,,,7.64,,8.2,21.9,46
6/27/18 4:48,,,8.5,,8.25,20.4,47
6/27/18 4:49,,,7.5,,8.37,23.1,48
6/27/18 4:50,,,8.14,,8.31,21.1,29
6/27/18 4:51,,,7.7,,8.18,21.5,30
6/27/18 4:52,,,8.44,,8.03,20.2,31
6/27/18 4:53,,,7.77,,8.13,22.8,32
6/27/18 4:54,,,7.59,,8.02,20.3,33
6/27/18 4:55,,,8.07,,8.2,20,34
6/27/18 4:56,,,7.42,,8.2,22.8,35
6/27/18 4:57,,,7.54,,8.2,22,36
6/27/18 4:58,,,7.33,,8.11,22,37
6/27/18 4:59,,,7.86,,8.45,22.8,38
6/27/18 5:00,,,7.88,,8.35,21.3,39
6/27/18 5:01,,,7.97,,8.05,20,40
6/27/18 5:04,,,10.24,,,17.9,air
6/27/18 5:05,,,7.37,,8.38,22.4,13
6/27/18 5:06,,,8.15,,8.2,19.9,14
6/27/18 5:07,,,7.42,,8.3,21.8,15
6/27/18 5:08,,,8.56,,8.14,21,16
6/27/18 5:09,,,8.02,,8.17,20.4,17
6/27/18 5:10,,,8.05,,8.23,20.9,18
6/27/18 5:11,,,7.46,,8.22,22.5,19
6/27/18 5:12,,,7.96,,8.29,21.5,20
6/27/18 5:13,,,8.72,,8.16,21.2,21
6/27/18 5:14,,,8.52,,8.29,20,22
6/27/18 5:15,,,7.59,,8.34,22.7,24
6/27/18 5:16,,,8.52,,8.31,20,23
6/27/18 5:17,,,8.71,,8.78,21.8,25
6/27/18 5:18,,,7.1,,8.12,22.6,26
6/27/18 5:19,,,7.68,,8.18,21.5,27
6/27/18 5:20,,,7.94,,8.11,20.2,28
6/27/18 5:25,,,10.6,,,17,air
6/27/18 5:26,,,7.85,,8.33,21.1,1
6/27/18 5:27,,,7.8,,8.22,21.3,2
6/27/18 5:28,,,7.99,,8.21,20.5,3
6/27/18 5:29,,,7.55,,8.31,22.4,4
6/27/18 5:30,,,7.81,,8.16,21.8,5
6/27/18 5:31,,,7.35,,8.21,22.4,6
6/27/18 5:32,,,7.85,,8.27,21.1,7
6/27/18 5:33,,,8.2,,8.33,20.3,8
6/27/18 5:34,,,7.85,,8.09,19.8,9
6/27/18 5:35,,,8.36,,8.44,20.6,10
6/27/18 5:36,,,7.54,,8.33,22.8,11
6/27/18 5:37,,,7.74,,8.19,21.8,12
6/27/2018 21.48,,,8.62,,8.53,24.8,1
6/27/2018 21.49,,,8.7,,8.48,25.1,2
6/27/2018 21.50,,,8.53,,8.5,25.9,13
6/27/2018 21.51,,,9.28,,8.47,23.2,14
6/27/2018 21.52,,,9.06,,8.55,24.2,29
6/27/2018 21.53,,,8.66,,8.42,24.8,30
6/27/2018 21.54,,,9.29,,8.41,22.6,41
6/27/2018 21.55,,,8.3,,8.14,23.4,42
6/27/2018 21.56,,,9.33,,8.73,25,44
6/27/2018 21.57,,,8.75,,8.45,25,46
6/27/2018 21.58,,,8.89,,,21,air
6/27/2018 21.59,,,8.62,,8.6,26.2,48
6/27/18 22:00,,,9.15,,8.52,23.4,47
6/27/18 22:01,,,9.04,,8.59,24.1,45
6/27/18 22:02,,,8.31,,8.47,26,43
6/27/18 22:03,,,8.36,,8.14,22.9,31
6/27/18 22:04,,,7.96,,8.32,25.7,32
6/27/18 22:05,,,8.24,,8.08,22.9,33
6/27/18 22:06,,,8.83,,8.49,23.9,34
6/27/18 22:07,,,8.58,,8.43,24.9,36
6/27/18 22:08,,,8.13,,8.41,26,35
6/27/18 22:09,,,8.54,,8.38,25.2,37
6/27/18 22:10,,,8.4,,8.69,25.9,38
6/27/18 22:11,,,9.23,,8.62,24.3,39
6/27/18 22:12,,,8.74,,8.27,23.1,40
6/27/18 22:13,,,8.6,,8.54,25,15
6/27/18 22:14,,,8.44,,8.33,24,16
6/27/18 22:15,,,8.77,,8.4,23.4,17
6/27/18 22:16,,,8.86,,8.51,24,18
6/27/18 22:17,,,8.11,,8.42,25.7,19
6/27/18 22:18,,,8.66,,8.53,24.8,20
6/27/18 22:19,,,8.34,,8.34,24.3,21
6/27/18 22:20,,,9.02,,8.67,25.1,22
6/27/18 22:21,,,8.42,,8.6,26.1,24
6/27/18 22:22,,,9.33,,8.58,23.1,23
6/27/18 22:23,,,9.14,,,21.3,air
6/27/18 22:24,,,9.76,,9,25.1,25
6/27/18 22:25,,,8.07,,8.39,26,26
6/27/18 22:26,,,8.31,,8.38,24.4,27
6/27/18 22:27,,,8.87,,8.39,23.4,28
6/27/18 22:28,,,8.45,,8.23,23.1,9
6/27/18 22:29,,,9.3,,8.7,24.1,10
6/27/18 22:30,,,8.45,,8.61,26.3,11
6/27/18 22:31,,,8.31,,8.41,25.2,12
6/27/18 22:32,,,7.92,,8.26,25,5
6/27/18 22:33,,,8.09,,8.38,25.6,6
6/27/18 22:34,,,8.45,,8.45,24.2,7
6/27/18 22:35,,,9.08,,8.58,23.4,8
6/27/18 22:36,,,9.6,,8.42,23.4,3
6/27/18 22:37,,,8.1,,8.46,25.6,4
6/27/18 22:38,,,10.86,,,17.1,air
6/28/18 4:30,,,10.37,,,15.5,air
6/28/18 4:31,,,7.97,,8.35,21.3,1
6/28/18 4:32,,,7.96,,8.33,21.6,2
6/28/18 4:33,,,8.15,,8.28,20.7,3
6/28/18 4:34,,,7.6,,8.31,21.6,4
6/28/18 4:35,,,7.4,,8.16,22.1,5
6/28/18 4:36,,,7.58,,8.25,22.6,6
6/28/18 4:37,,,8.11,,8.35,21.4,7
6/28/18 4:38,,,8.6,,8.46,20.6,8
6/28/18 4:39,,,8.02,,8.16,20.3,9
6/28/18 4:40,,,8.71,,8.55,21.1,10
6/28/18 4:41,,,7.91,,8.5,23.1,11
6/28/18 4:42,,,8.81,,8.3,22.1,12
6/28/18 4:43,,,7.78,,8.39,22.5,13
6/28/18 4:44,,,8.46,,8.31,19.9,14
6/28/18 4:45,,,8.01,,8.37,21.6,15
6/28/18 4:46,,,7.96,,8.19,21,16
6/28/18 4:47,,,8.21,,8.23,20.4,17
6/28/18 4:48,,,8.3,,8.33,20.9,18
6/28/18 4:49,,,7.6,,8.27,22.5,19
6/28/18 4:50,,,8.11,,8.38,21.7,20
6/28/18 4:51,,,7.82,,8.21,21,21
6/28/18 4:52,,,8.31,,8.48,21.9,22
6/28/18 4:53,,,7.1,,,19.8,air
6/28/18 4:54,,,8.71,,8.46,20.1,23
6/28/18 4:55,,,7.82,,8.45,22.6,24
6/28/18 4:56,,,9.04,,8.91,22,25
6/28/18 4:57,,,7.46,,8.28,22.7,26
6/28/18 4:58,,,7.82,,8.24,21.3,27
6/28/18 4:59,,,8.29,,8.25,20.3,28
6/28/18 5:00,,,8.45,,8.39,20.8,29
6/28/18 5:01,,,7.99,,8.27,21.5,30
6/28/18 5:02,,,7.9,,8.05,20,31
6/28/18 5:03,,,7.49,,8.18,22.6,32
6/28/18 5:04,,,7.79,,8,19.9,33
6/28/18 5:05,,,8.36,,8.32,20.9,34
6/28/18 5:06,,,7.51,,8.24,22.8,35
6/28/18 5:07,,,7.89,,8.25,21.8,36
6/28/18 5:08,,,7.88,,8.22,21.9,37
6/28/18 5:09,,,8.05,,8.54,22.7,38
6/28/18 5:10,,,8.55,,8.47,21,39
6/28/18 5:11,,,8.08,,8.13,19.9,40
6/28/18 5:12,,,8.56,,8.24,19.5,41
6/28/18 5:13,,,7.79,,8.04,20.4,42
6/28/18 5:14,,,7.53,,8.26,22.8,43
6/28/18 5:15,,,8.42,,8.57,21.5,44
6/28/18 5:16,,,8.52,,8.45,21,45
6/28/18 5:17,,,8.03,,8.25,21.7,46
6/28/18 5:18,,,8.42,,8.33,20,47
6/28/18 5:19,,,7.92,,8.44,22.8,48