tank,week_number,temp,wattage,metacommunity,dispersal,ln_GPP_umol_L_h,benthic_chla_g_L,periphyton_chla_g_L,phytoplankton_chla_g_L,cyanobacteria_ugL,cryptophytes_ugL,diatoms_ugL,chlorophytes_ugL,total_fluoro_g_chla_L,total_fluoro_ug_C_L,ln_fluoro_ug_C_L,zoop_raw_g_L,ln_zoop_ug_L,volume,temp_K,inv_kT,inv_kTc,flowcam_particles_mL,diameter_mean,diameter_min,diameter_max,diameter_stdev,volume_mean,volume_min,volume_max,volume_stdev,carbon_g,X0_5um,X5_10um,X10_15um,X15_20um,X20_25um,X25_30um,X30_35um,X35_40um,prop_inedible,totalN,slope_size_spectra,CTMI_scaled,CPTI_scaled,ln_gpp_corr,sample_date
1,2,23.78090278,100,1,high,2.099581225,0.001954619,6.94e-05,0.0001594,0.66,0.4,0,9.61,1.07e-05,533.5,2.727134424,9e-04,6.003887067,692.1090604,296.9309028,39.06945342,-0.107478357,42348,4.72,1.47,23.08,2.88,34.6,0.04,6436.09,250.14,6e-06,4470.0612,568.098,46.062,61.416,15.354,2.0472,2.0472,0,409.44,4.289533982,-3.057230283,NA,NA,-0.627553199,6/27/18
2,2,24.14104167,200,1,high,2.186579476,0.009277858,3.12e-05,4.84e-05,0.83,0.48,0,1.3,2.61e-06,130.5,2.115610512,4e-04,5.192956851,608.4060366,297.2910417,39.02212461,-0.060149552,62057,5.8,2.3,24.17,2.94,116.92,0.76,6219.21,365.8,1.11e-05,343.116,321.936,26.828,6.354,4.236,0,0,0,0,1.021971102,-2.183075151,NA,NA,0.070968964,6/27/18
3,2,22.93604167,0,1,high,2.263283673,0.003942861,2.54e-05,0.0001716,0.67,0.63,0.24,7.95,9.48e-06,474.5,2.676236217,0.0016,6.579251212,787.4406895,296.0860417,39.18093541,-0.218960349,46025,3.83,1.73,19.76,2.4,74.5,0.8,4038.6,265.4,3.21e-06,3110.965,1052.942,126.179,43.51,7.3967,0,0,0,0,5.561133901,-2.634454032,NA,NA,-0.412952544,6/27/18
4,2,25.15625,300,1,high,2.039237863,0.003420354,6.86e-05,0.0003514,1.06,0.49,0,13.1,1.47e-05,732.5,2.864807629,0.0012,6.29156914,612.4776977,298.30625,38.88932288,0.072652178,61596,4.76,1.81,22.87,2.78,149,1.96,6264.6,547.3,6.15e-06,3202.92,3345.21,267.1425,53.7075,71.145,26.505,0,0,2650.5,4.569989306,-2.158564628,NA,NA,-0.825569766,6/27/18
5,2,24.57416667,200,2,none,1.787815642,0.006348932,4.38e-05,0.0002636,0.52,0,0.97,13.08,1.46e-05,728.5,2.862429556,4e-04,5.192956851,638.9434952,297.7241667,38.96535577,-0.003380705,NA,NA,NA,NA,NA,NA,NA,NA,NA,NA,NA,NA,NA,NA,NA,NA,NA,NA,0,0.890621567,NA,NA,NA,-1.074613914,6/27/18
6,2,25.22527778,300,2,none,1.980992535,0.004973873,6.14e-05,0.0001162,0.45,0.33,0,11.67,1.25e-05,622.5,2.794139356,3e-04,4.905274778,618.5851895,298.3752778,38.88032601,0.081649048,11628,1.76,0.73,13.99,1.93,128,2.02,1433.26,332.8,3.11e-07,326.025,1018.44,986.769,3878.766,0,0,0,0,0,9.493144755,1.087035051,NA,NA,-0.813146821,6/27/18
7,2,23.738125,100,2,none,1.790279803,0.003662388,8.42e-05,0.0001546,0.08,0.89,0,5.67,6.64e-06,332,2.521138084,8e-04,5.886104031,712.5372667,296.888125,39.07508283,-0.113107765,132920,1.76,0.73,13.99,1.93,134.65,0.9,5485,398,3.11e-07,1385.784,1407.057,194.496,23.4003,23.4003,3.6468,0,0,364.68,3.706729491,-2.431730972,NA,NA,-0.730858281,6/27/18
8,2,22.851875,0,2,none,1.995459043,0.003746411,5.13e-05,0.000139,0.76,0.25,0,9.1,1.01e-05,505.5,2.70372116,0.0013,6.371611847,721.6164694,296.001875,39.19207631,-0.230101254,19982,4.31,1.91,22.15,6.3,271,3.65,5690,648.36,4.57e-06,2561.418,1438.074,561.672,135.576,72.63,72.63,0,0,7263,2.187881883,-1.64298088,NA,NA,-0.708262117,6/27/18
9,2,22.61229167,0,3,low,1.845885502,0.006797053,7.46e-05,7.04e-05,0.66,0.08,0.43,2.37,3.55e-06,177,2.247973266,1e-04,3.80666249,751.1238784,295.7622917,39.223824,-0.261848939,22533,4.07,2.21,25.67,2.41,103.7,5.62,7863.6,561.49,3.85e-06,943.488,404.768,66.976,13.104,0,0,0,0,0,0.465892683,-2.063837009,NA,NA,-0.402087764,6/27/18
10,2,23.54201389,100,3,low,2.121479261,0.003955956,8.53e-05,0.0001864,0,1.1,0,8.79,9.89e-06,494.5,2.694166296,5e-04,5.416100402,679.6601068,296.6920139,39.10091115,-0.13893609,21650,4.06,1.79,24.47,2.61,99.6,0.24,7671.1,556.3,3.82e-06,2976.999,1472.039,188.12,16.9308,34.3319,16.9308,0,0,1693.08,4.805179463,-2.387530579,NA,NA,-0.572687035,6/27/18
11,2,25.95076389,300,3,low,2.08755775,0.010166494,6.67e-05,8.28e-05,0.62,0.24,0.15,8.78,9.79e-06,489.5,2.689752696,1e-04,3.80666249,614.5135283,299.1007639,38.78601955,0.175955515,49026,5.25,1.68,22.77,6.01,219.52,2.86,7778.9,675.7,8.26e-06,1621.08,2602.26,298.62,99.54,66.36,28.44,9.48,9.48,4740,1.001678149,-2.183383998,NA,NA,-0.602194946,6/27/18
12,2,24.73125,200,3,low,NA,0.00574139,5.27e-05,0.0001862,0.95,0.48,0,4.2,5.63e-06,281.5,2.449478399,1e-04,3.80666249,588.0477308,297.88125,38.94480795,0.017167107,149138,5.28,12.64,94.03,10.38,34.31,0.8,2668,92,8.4e-06,1604.358,581.973,51.681,4.494,2.247,0,0,0,0,2.198251164,-3.150142388,NA,NA,NA,6/27/18
13,2,24.97430556,300,4,none,2.206500368,0.007038243,2.75e-05,0.0001854,1.09,0.46,0,8.75,1.03e-05,515,2.711807229,0.0015,6.514712691,618.5851895,298.1243056,38.91305693,0.048918131,76916,4.04,1.52,20.46,2.09,60.3,0.8,4487.3,199,3.76e-06,2723.192,1795.255,93.26,9.326,9.326,0,0,0,0,4.102958465,-2.879414677,NA,NA,-0.505306861,6/27/18
14,2,22.2375,0,4,none,2.218112148,0.008967124,5.28e-05,0.0001442,0,0.87,1.23,4.26,6.36e-06,318,2.50242712,4e-04,5.192956851,663.3734622,295.3875,39.27359172,-0.31161666,12252,3.56,2.18,19.54,2.12,90.29,0.43,3909,424.5,2.57e-06,2133,528.984,73.944,36.972,36.972,0,0,0,0,3.146808762,-2.021321694,NA,NA,-0.284314972,6/27/18
15,2,24.24173611,200,4,none,2.136143114,0.006269746,5.01e-05,0.0002102,1.15,0.25,0.77,5.88,8.05e-06,402.5,2.604765885,9e-04,6.003887067,659.301801,297.3917361,39.00891204,-0.046936976,NA,NA,NA,NA,NA,NA,NA,NA,NA,NA,NA,NA,NA,NA,NA,NA,NA,NA,0,3.706893895,NA,NA,NA,-0.468622771,6/27/18
16,2,23.31222222,100,4,none,1.642286427,0.003755403,4.14e-05,0.0001346,1.16,0.78,0,3.68,5.61e-06,281,2.44870632,0.0046,7.635303886,701.1882632,296.4622222,39.13121877,-0.169243708,12394,4.84,3.02,23.5,7.14,165.9,14.46,6796.85,663.73,6.47e-06,1344.42,532.62,59.4,29.7,14.85,0,0,0,0,1.984195346,-2.117470066,NA,NA,-0.806419893,6/27/18
17,2,22.74569444,0,5,low,1.965065191,0.002291735,1.49e-05,0.000132,1.07,0.58,0,5.51,7.15e-06,358,2.553883027,5e-04,5.416100402,805.599095,295.8956944,39.20614018,-0.244165117,40723,4.26,1.07,19.44,2.56,60.67,2.15,2893.9,193,4.41e-06,1988.55,777.744,141.408,23.568,11.784,0,0,0,0,2.923634405,-2.363657581,NA,NA,-0.588817836,6/27/18
18,2,23.25055556,100,5,low,2.00560274,0.005936817,2.45e-05,0.0001872,0.41,0.59,0,6.25,7.25e-06,362.5,2.559308011,0.0012,6.29156914,694.3788611,296.4005556,39.13936009,-0.177385027,20398,4.46,0.83,22.29,7.18,123.1,0.3,5797.9,502.82,5.06e-06,1669,1488.748,126.844,13.352,13.352,13.352,0,0,1335.2,0.893089658,-2.415271514,NA,NA,-0.553705271,6/27/18
19,2,24.96986111,300,5,low,1.925998104,0.005161587,2.1e-05,0.000197,0.63,0.49,0,9.14,1.03e-05,513,2.710117365,0.0042,7.544332108,618.5851895,298.1198611,38.91363706,0.048338005,71094,5.25,2.7,21.73,2.47,110.16,0.8,5370,404.34,8.26e-06,2372.177,2206.563,217.2466,34.097,38.968,4.871,0,0,487.1,0.550857323,-2.514884407,NA,NA,-0.784119261,6/27/18
20,2,24.050625,200,5,low,1.979433894,0.006872351,4.88e-05,0.0001216,1.56,0.26,0,4.43,6.24e-06,312.5,2.494850022,5e-04,5.416100402,573.7969167,297.200625,39.03399622,-0.072021164,73507,3.78,2.1,20.36,2.21,48.9,0.8,4419.1,290.3,3.08e-06,1956.564,347.361,30.719,12.5239,10.1609,2.363,0,0,236.3,0.696743688,-2.792094917,NA,NA,-0.515416128,6/27/18
21,2,23.76416667,100,6,high,1.631501145,0.005948605,4.18e-05,0.000101,0.32,0.64,0,4.47,5.43e-06,271.5,2.433769834,1e-04,3.80666249,598.2268837,296.9141667,39.07165564,-0.109680578,50266,3.77,1.17,18.78,2.01,60.58,0.85,3468.5,171.8,3.06e-06,1536.948,749.322,57.456,26.334,7.182,0,0,0,0,2.268866433,-2.447241797,NA,NA,-0.802268689,6/27/18
22,2,24.44847222,200,6,high,2.128666055,0.005596887,4.68e-05,0.00039728,0,0.75,4.01,4.58,9.33e-06,467,2.669316881,1e-04,3.80666249,705.7278646,297.5984722,38.98181327,-0.019838212,NA,NA,NA,NA,NA,NA,NA,NA,NA,NA,NA,NA,NA,NA,NA,NA,NA,NA,0,0.568146549,NA,NA,NA,-0.540650826,6/27/18
23,2,22.46361111,0,6,high,2.044115514,0.005162258,1.66e-05,0.0002088,0.69,0.24,0,5.77,6.69e-06,335,2.525044807,1e-04,3.80666249,705.7278646,295.6136111,39.24355185,-0.281576786,33359,3.99,2.01,19.13,2.11,74.31,4.27,3667,258.08,3.62e-06,2000.523,955.703,82.971,15.365,21.511,0,0,0,0,1.921072014,-2.350516783,NA,NA,-0.480929293,6/27/18
24,2,25.54513889,300,6,high,2.081340224,0.010675524,1.57e-05,0.00012,0.97,0.47,0,4.15,5.58e-06,279.5,2.446381812,1e-04,3.80666249,541.2236274,298.6951389,38.83869057,0.12328449,51437,4.58,1.58,26.59,2.8,119.5,0.7,5146,486,5.48e-06,1254.3,801.42,88.8,26.64,13.32,17.76,3.33,3.33,2442,0.98565395,-2.409860413,NA,NA,-0.365041588,6/27/18
25,2,24.41944444,200,7,low,2.210586059,0.006175519,0.00011145,0.0003242,0,0.28,4.82,6.22,1.13e-05,566,2.752816431,1e-04,3.80666249,638.9434952,297.5694444,38.98561593,-0.023640872,55293,6.56,1.67,20.9,2.09,178,0.76,4781.7,268.3,1.61e-05,1201.653,4005.51,235.941,16.461,0,0,0,0,0,1.415748664,-1.928776195,NA,NA,-0.542230372,6/27/18
26,2,25.47159722,300,7,low,2.084896543,0.010123207,3.45e-05,0.0002264,0,1.36,0,6.27,7.63e-06,381.5,2.581494542,0.0034,7.333023014,547.3311192,298.6215972,38.84825539,0.113719669,42888,4.89,2.61,29.12,2.89,64.2,0.62,5656.8,387.9,6.67e-06,2609.928,711.492,20.232,0,23.604,6.744,0,0,674.4,1.850775984,-2.496902817,NA,NA,-0.496597999,6/27/18
27,2,23.99465278,100,7,low,1.880452182,0.006799478,2.35e-05,0.00012,0.8,0.2,0,9.72,1.07e-05,536,2.72916479,3e-04,4.905274778,667.4451234,297.1446528,39.04134894,-0.079373878,55551,5.32,2.43,19.76,2.53,146.7,5,4038.6,390.6,8.59e-06,1680.25,3189.89,222.31,36.19,43.945,0,0,0,0,1.063074089,-1.945464121,NA,NA,-0.848712608,6/27/18
28,2,22.90895833,0,7,low,2.041608121,0.008135678,0.000785587,0.0001582,1.31,0.32,0,2.97,4.6e-06,230,2.361727836,4e-04,5.192956851,679.6601068,296.0589583,39.18451966,-0.222544603,NA,NA,NA,NA,NA,NA,NA,NA,NA,NA,NA,NA,NA,NA,NA,NA,NA,NA,0,0.555270343,NA,NA,NA,-0.320119715,6/27/18
29,2,23.34472222,100,8,high,2.043741999,0.009114422,0.001062275,9.3e-05,0.22,0.92,0,3.51,4.64e-06,232.5,2.366422957,3e-04,4.905274778,658.7341433,296.4947222,39.12692944,-0.164954375,25187,4.97,1.68,22.16,2.59,110.9,0.8,4841.7,390.9,7.01e-06,819.669,967.323,47.325,17.037,17.037,5.679,0,0,567.9,0.492751023,-2.199738916,NA,NA,-0.322680958,6/27/18
30,2,23.86666667,200,8,high,2.071253392,0.00826704,3.97e-05,0.0001434,0.67,0.4,0.17,2.7,3.93e-06,197,2.294466226,2e-04,4.49980967,657.542182,297.0166667,39.05817207,-0.096197009,21863,6.25,3.18,23.36,3.23,222,0.8,6674.8,687.1,1.39e-05,510.54,784.86,143.256,45.72,16.764,16.764,6.096,0,2286,0.711115541,-1.837801764,NA,NA,-0.223212834,6/27/18
31,2,22.06923611,0,8,high,1.531217369,0.00388058,7.95e-06,0.0001046,1.18,0.67,0,1.21,3.06e-06,153,2.184691431,2e-04,4.49980967,780.6312874,295.2192361,39.29597619,-0.334001134,14697,6.3,1.58,19.76,3.09,160.7,0.7,4038.6,379.3,1.43e-05,258.96,302.12,78.352,13.944,10.624,0,0,0,0,1.308712643,-1.528139464,NA,NA,-0.653474062,6/27/18
32,2,24.869375,300,8,high,1.674571485,0.006721483,1.61e-05,9.02e-05,0.93,0.05,0.3,5.08,6.37e-06,318,2.50242712,NA,NA,628.7643424,298.019375,38.92675795,0.035217113,30925,5.18,1.45,23.39,6.65,166.2,0.8,5361.8,579.1,7.93e-06,1159.924,1369.788,209.864,42.54,28.36,22.688,0,0,2268.8,1.297179594,-1.875475084,NA,NA,-0.827855635,6/27/18
33,2,22.09694444,0,9,none,1.764391097,0.005405511,3.48e-05,6.26e-05,0.69,0.44,0,1.8,2.93e-06,146.5,2.165837625,4e-04,5.192956851,746.584277,295.2469444,39.29228835,-0.330313286,5959,7.34,3.35,18.88,4.01,206.14,0.8,3524.7,521,2.26e-05,573.27,242.5,38.315,89.24,25.22,0,0,0,0,3.074341535,-1.348304843,NA,NA,-0.401446528,6/27/18
34,2,23.06291667,100,9,none,1.909560785,0.007172548,2.81e-05,0.0001164,0.03,1.04,0,7.37,8.44e-06,422,2.625312451,6e-04,5.598421959,746.584277,296.2129167,39.16415329,-0.202178227,3902,3.45,1.57,9.38,1.74,49.3,0.8,431.9,74.6,2.34e-06,2289.26,1499.86,78.94,0,0,0,0,0,0,0.929352092,-1.820058954,NA,NA,-0.715751666,6/27/18
35,2,25.19923611,300,9,none,1.97184465,0.004290951,3.55e-05,0.0001664,1.42,0.25,0,5.84,7.51e-06,375.5,2.574609941,0.0048,7.677863501,592.1193919,298.3492361,38.88371972,0.078255345,41302,3.96,1.43,24.56,8.36,23.5,0.8,2980.3,132.7,3.54e-06,2457.69,640.866,0,0,6.222,0,0,0,0,2.33788644,-2.737700954,NA,NA,-0.602765291,6/27/18
36,2,24.07625,200,9,none,2.077469941,0.006810109,0.000850409,0.0001364,1.56,0.2,0,5.86,7.62e-06,381,2.580924976,9e-04,6.003887067,663.7505885,297.22625,39.03063096,-0.068655896,37579,3.96,1.43,24.56,8.36,111.8,0.8,3873.4,306.1,3.54e-06,1310.82,1560.5,196.623,18.726,18.726,6.242,0,0,624.2,2.712878666,-2.384144418,NA,NA,-0.503455035,6/27/18
37,2,24.38395833,200,10,high,2.127470087,0.006823908,4e-05,0.000162,0.44,0.58,0,4.67,5.69e-06,284.5,2.454082271,NA,NA,624.6926812,297.5339583,38.99026565,-0.028290586,39544,4.77,2.83,22.2,8.36,105.4,0.8,3873.4,301.4,6.19e-06,1167.033,1152.039,144.942,14.994,14.994,4.998,0,0,499.8,1.959441455,-2.41332246,NA,NA,-0.326612184,6/27/18
38,2,25.06381944,300,10,high,1.746230006,0.00786791,3.29e-06,5.7e-05,0.72,0.58,0,6.04,7.34e-06,367,2.564666064,5e-04,5.416100402,608.4060366,298.2138194,38.90137652,0.060598538,42555,4.3,2.3,21.47,5.81,50.2,0.8,3398.8,158.1,4.54e-06,1894.249,1290.8,29.043,0,6.454,0,0,0,0,5.106568432,-2.73582611,NA,NA,-0.818436058,6/27/18
39,2,23.54888889,100,10,high,2.179367153,0.010704837,4.7e-05,8.58e-05,1.22,0.85,0,7.5,9.57e-06,478.5,2.679881942,2e-04,4.49980967,638.9434952,296.6988889,39.10000512,-0.138030058,25897,4.61,1.7,25.43,6.97,88.4,0.8,5179,361.4,5.59e-06,2587.095,1263.465,64.176,88.242,8.022,0,0,0,0,1.483628471,-2.452315518,NA,NA,-0.500514789,6/27/18
40,2,22.25944444,0,10,high,2.000305313,0.006622641,4.55e-06,0.0002144,1.84,0.97,0,3.5,6.31e-06,315.5,2.498999364,0.0019,6.751101469,659.301801,295.4094444,39.27067429,-0.308699228,28862,5.33,3.2,23.43,2.41,60.4,0.8,3502.9,196.7,8.64e-06,1117.581,705.343,56.73,5.673,5.673,5.673,0,0,567.3,3.125321612,-2.565742835,NA,NA,-0.498694051,6/27/18
41,2,21.61388889,0,11,none,2.126237288,0.003708198,1.3e-05,0.0001258,0.36,0.89,0,2.96,4.21e-06,210.5,2.3232521,4e-04,5.192956851,769.282284,294.7638889,39.35668008,-0.39470502,15888,4.19,1.48,20.08,6.36,77.8,0.8,3586.3,314.8,4.2e-06,1072,480,16,16,16,0,0,0,0,13.24040308,-2.210845295,NA,NA,-0.197014812,6/27/18
42,2,22.45354167,100,11,none,1.887711235,0.00432616,3.38e-05,4.58e-05,0.25,0.51,0,0.39,1.14e-06,57.5,1.759667845,1e-04,3.80666249,679.6601068,295.6035417,39.24488864,-0.282913579,71251,3.72,2.17,23.6,1.9,36,0.8,3008,173.3,2.94e-06,177.062,42.816,1.561,0.892,0.446,0,0,0,0,2.122708604,-2.746609108,NA,NA,0.12804339,6/27/18
43,2,25.18993056,300,11,none,2.094937536,0.008908524,2.1e-05,0.000493,0.79,0.27,0,5.39,6.45e-06,322.5,2.508529719,1e-04,3.80666249,618.5851895,298.3399306,38.88493254,0.077042519,4079,8.52,3.07,22.02,4.74,402.3,0.8,5588.9,1173.2,3.53e-05,1766.28,718,112.008,54.568,221.144,0,0,0,0,1.454038422,-1.36616145,NA,NA,-0.413592183,6/27/18
44,2,23.95479167,200,11,none,2.302395422,0.006976328,3.8e-05,0.000215,0.27,0.79,0,2.2,3.26e-06,163,2.212187604,3e-04,4.905274778,526.9728134,297.1047917,39.04658693,-0.084611866,2260,4.37,2.5,10.23,1.98,74.62,8.2,560.3,114.6,4.76e-06,782.608,335.233,75.159,0,0,0,0,0,0,1.245395587,-1.348489692,NA,NA,0.090207818,6/27/18
45,2,23.258125,100,12,low,1.872580885,0.004935845,2.06e-05,0.0001434,0.61,0.3,0,5.66,6.58e-06,328.5,2.516535374,1e-04,3.80666249,728.4258715,296.408125,39.13836058,-0.176385517,NA,NA,NA,NA,NA,NA,NA,NA,NA,NA,NA,NA,NA,NA,NA,NA,NA,NA,0,2.935803411,NA,NA,NA,-0.643954489,6/27/18
46,2,24.01173611,200,12,low,2.10986904,0.007518797,8.43e-05,0.0001176,0.18,0.82,0,1.39,2.39e-06,119.5,2.077367905,3e-04,4.905274778,628.7643424,297.1617361,39.03910452,-0.077129456,NA,NA,NA,NA,NA,NA,NA,NA,NA,NA,NA,NA,NA,NA,NA,NA,NA,NA,0,0.929170824,NA,NA,NA,0.032501135,6/27/18
47,2,22.41569444,0,12,low,2.018420275,0.006804957,0.00067885,0.000228,0,1.02,2.39,9.59,1.3e-05,650,2.812913357,0.0016,6.579251212,651.2290465,295.5656944,39.24991395,-0.287938893,6963,6.97,3.8,17.53,3.56,105,0.8,2722.7,363.2,1.93e-05,4808.1,837.54,210.936,279.18,68.244,0,0,0,0,0.575731753,-1.796992021,NA,NA,-0.794493082,6/27/18
48,2,25.19076389,300,12,low,2.119527942,0.013666797,2.94e-05,0.0001134,0.2,0.37,0,7.77,8.34e-06,417,2.620136055,4e-04,5.192956851,612.4776977,298.3407639,38.88482393,0.077151133,13926,8.49,1.43,19.78,4.88,109.81,0.8,4050.7,503,3.49e-05,3373.285,579.46,45.529,45.529,95.197,0,0,0,0,1.349290655,-1.975368143,NA,NA,-0.500608113,6/27/18
1,4,23.75208333,100,1,high,2.361066929,0.002954619,0.000520215,0.0001112,0.25,0.33,0,14.37,1.5e-05,747.5,2.873611197,0.00013,4.069026754,791.9802909,296.9020833,39.07324578,-0.111270719,4148,6.7,2.82,13.68,2.97,220.16,33.84,1341.52,288.09,1.72e-05,3386.292,3516.24,504.504,252.252,0,0,0,0,0,13.47309145,-1.329536094,0.540987597,NA,-0.512544268,7/11/18
2,4,24.33923611,200,1,high,2.433548018,0.010277858,0.000240369,0.0001384,0,0.01,4.81,12.44,1.73e-05,863,2.936010796,0.00027,4.799914263,723.8862701,297.4892361,38.99612714,-0.03415208,1873,5.09,2.54,8.33,1.3,81.51,8.57,303.09,62.61,7.52e-06,7505.19,1272.81,0,0,0,0,0,0,0,0.400407117,NA,0.59465704,NA,-0.502462778,7/11/18
3,4,22.783125,0,1,high,2.100364182,0.004942861,0.000167216,5.76e-05,0.02,0.25,0,11.16,1.14e-05,571.5,2.757016235,0.00036,5.087596335,950.8663393,295.933125,39.20118126,-0.239206201,3126,5.55,0.88,19.42,3.56,235.14,0.36,3832.44,641.95,9.75e-06,3401.328,2134.5856,266.5264,66.4832,0,66.4832,0,0,6648.32,0.658264662,-1.878868926,0.478021868,NA,-0.656652053,7/11/18
4,4,25.27055556,300,1,high,2.295896169,0.004420354,2e-04,0.0001292,0.75,0.62,0,10.66,1.2e-05,601.5,2.779235632,0.00072,5.780743516,735.2352736,298.4205556,38.87442691,0.087548155,8218,6.72,2.48,14.89,2.41,70.2,0.8,664.5,111.8,1.73e-05,3244.422,2108.022,215.916,0,0,0,0,0,0,0.326032053,-1.477945436,0.688036083,NA,-0.483339463,7/11/18
5,4,24.60527778,200,2,none,2.417686724,0.007348932,0.00029686,0.0002154,0.07,0.92,0,8.92,9.92e-06,495.5,2.695043659,0.00138,6.431331082,757.9332805,297.7552778,38.96128445,0.00069061,10903,4.29,2.47,25.23,6.82,42,0.8,1239.6,123.6,4.51e-06,3670.59,996.303,66.738,33.369,0,0,0,0,0,0.462528657,-2.483793362,0.664724426,NA,-0.277356935,7/11/18
6,4,25.21409722,300,2,none,2.255017766,0.005973873,0.000634891,0.000207,0,0.91,1.33,6.96,9.2e-06,460,2.662757832,0.00388,7.465082736,746.584277,298.3640972,38.88178297,0.08019209,3643,6.32,5.24,10.08,1.35,32.7,0.8,193.1,45.4,1.44e-05,2884.775,1440.225,0,0,0,0,0,0,0,0.561874611,NA,0.685246081,NA,-0.407740066,7/11/18
7,4,23.77708333,100,2,none,2.341982706,0.004662388,0.000149987,0.0002766,0,0.43,1.76,9.95,1.21e-05,607,2.783188691,0.00146,6.487684018,860.0743116,296.9270833,39.06995598,-0.107980917,1014,6.03,2.9,19.78,4.39,84.5,12.8,370.7,100.4,1.25e-05,1663.389,3875.148,0,0,0,0,0,0,0,2.327308788,NA,0.542990029,NA,-0.441205985,7/11/18
8,4,22.57416667,0,2,none,2.194736913,0.004746411,0.000232223,0.0001128,0.46,0,1,5.19,6.66e-06,332.5,2.52179165,0.00028,4.836281907,882.7723186,295.7241667,39.22888077,-0.266905707,2110,4.45,1.79,16.32,4.41,192.9,2.6,960.7,258.5,5.03e-06,593.48,1902.344,593.48,118.696,0,0,0,0,0,1.456385827,-0.614225037,0.430602296,NA,-0.327054737,7/11/18
9,4,22.34069444,0,3,low,2.000417285,0.007797053,0.000493666,7.24e-05,0,0,2.85,5.62,8.47e-06,423.5,2.626853415,0.00164,6.603943825,905.4703255,295.4906944,39.25987617,-0.297901113,156,6.76,4.12,19.95,8.46,102.9,36.6,169.4,93.9,1.76e-05,0,4271,0,0,0,0,0,0,0,2.164103444,NA,0.453586324,NA,-0.62643613,7/11/18
10,4,23.33590278,100,3,low,2.166126882,0.004955956,0.000377369,5.5e-05,0.1,0,2.11,6.33,8.54e-06,427,2.630427875,0.00149,6.508023703,837.3763047,296.4859028,39.12809333,-0.166118267,5079,6.98,3.23,14.82,2.77,169.3,0.9,1025.8,227,1.94e-05,996.534,2325.246,530.622,396.888,64.71,0,0,0,0,0.654458874,-1.047917515,0.544320274,NA,-0.464300993,7/11/18
11,4,25.96013889,300,3,low,2.397553819,0.011166494,0.000454276,0.0003406,0,0.23,10.99,9.72,2.09e-05,1047,3.019946682,0.00166,6.616065185,735.2352736,299.1101389,38.78480388,0.177171184,936,5.5,2.59,11.44,2.56,99.9,0.8,784,229,9.49e-06,6755.376,2532,840.624,0,0,0,0,0,0,0.791551739,-1.230658231,0.765941865,NA,-0.622392863,7/11/18
12,4,24.79277778,200,3,low,2.277210317,0.00674139,0.000161628,0.0001656,0.32,0.55,0,9.43,1.03e-05,515,2.711807229,0.00154,6.541029999,723.8862701,297.9427778,38.93676551,0.025209549,2501,7.66,4.45,29.52,5.95,105.3,0.8,722.3,142.4,2.56e-05,1412.306,3141.25,472.444,0,0,0,0,0,0,1.756276514,-0.456705516,0.638629847,NA,-0.434596912,7/11/18
13,4,25.23972222,300,4,none,2.403031931,0.008038243,0.000235299,0.0003514,0,1.22,0.28,12.75,1.42e-05,712.5,2.852784869,0.00272,7.109879463,735.2352736,298.3897222,38.8784439,0.083531165,2266,9.09,3.87,22.52,5.92,225.51,2.8,1940.2,473.1,4.29e-05,2150.16,3585.912,714.408,478.584,0,0,0,0,0,1.264354655,-0.78359677,0.681963024,NA,-0.449752938,7/11/18
14,4,22.15597222,0,4,none,2.205469254,0.009967124,0.000304415,4.36e-05,0.05,0.12,1.18,3.19,4.54e-06,227,2.356025857,0.0013,6.371611847,814.6782978,295.3059722,39.28443433,-0.322459274,1093,2.05,1.23,3.05,0.62,32,0.8,7.3,1.8,4.92e-07,2231,0,0,0,0,0,0,0,0,2.056919474,NA,0.403051096,NA,-0.150556603,7/11/18
15,4,24.33069444,200,4,none,2.306525138,0.007269746,0.000166806,0.000333,0.77,0.06,0.28,9.51,1.06e-05,531,2.725094521,0.00075,5.82156551,803.3292943,297.4806944,38.99724685,-0.03527179,8751,5.99,2.51,12.8,2.58,92.2,0.01,1097.4,181.7,1.23e-05,2870.274,1756.359,507.738,0,0,0,0,0,0,2.697861161,-0.975851311,0.621572729,NA,-0.418569383,7/11/18
16,4,23.16069444,100,4,none,2.226947412,0.004755403,0.000194169,0.000245,0,0.64,0,4.49,5.13e-06,256.5,2.409087369,0.00053,5.47436931,860.0743116,296.3106944,39.15122975,-0.189254686,3204,6.18,2.89,22.36,3.14,85,0.8,538.7,104.4,1.35e-05,822.51,1406.925,175.565,0,0,0,0,0,0,0.686066,-0.728218114,0.459415497,NA,-0.182139957,7/11/18
17,4,22.48409722,0,5,low,2.163101302,0.003291735,0.000266073,0.0001378,0,0.22,3.14,6.76,1.01e-05,506,2.704150517,0.00174,6.663132696,950.8663393,295.6340972,39.24083245,-0.278857385,4684,6.18,2.89,22.36,3.14,151.3,1.5,1059.7,227.2,1.35e-05,1504.2,2842.938,586.638,0,0,0,0,0,0,1.487650478,-0.399342845,0.441357135,NA,-0.541049215,7/11/18
18,4,22.99534722,100,5,low,2.191839753,0.006936817,0.000466086,0.0002282,0.41,0,3.03,6.47,9.91e-06,495.5,2.695043659,0.00061,5.614951261,826.0273013,296.1453472,39.1730891,-0.211114043,2813,4.81,1.97,12.77,3.06,115.5,1.5,1089.81,196.93,6.35e-06,1734.244,2800.732,269.024,0,0,0,0,0,0,1.35472481,-0.904145488,0.439014206,NA,-0.503203906,7/11/18
19,4,24.95111111,300,5,low,2.332520661,0.006161587,0.000951536,0.0003592,0,1.57,1.42,15.46,1.84e-05,922.5,2.964966375,0.00113,6.231465215,769.282284,298.1011111,38.91608465,0.04589041,2347,8.69,4.08,16.5,3.41,226.9,0.9,980.9,300.4,3.74e-05,2670.3,4450.5,1183.833,596.367,0,0,0,0,0,0.650934185,-0.723426121,0.694728187,NA,-0.632445714,7/11/18
20,4,24.14513889,200,5,low,2.301519479,0.007872351,5e-04,0.0002222,0.34,0.21,2.24,10.23,1.3e-05,651,2.813580989,0.00024,4.682131227,701.1882632,297.2951389,39.02158682,-0.059611763,7032,5.62,2.9,14.02,3.31,99.3,0.9,1048,163.5,1.01e-05,2651.361,3296.461,503.178,0,0,0,0,0,0,0.136253581,-0.836850175,0.575838484,NA,-0.51206151,7/11/18
21,4,23.82020833,100,6,high,2.314547336,0.006948605,0.00064651,0.0001636,0,0,9.08,10.67,1.98e-05,987.5,2.994537104,0.00083,5.922918005,723.8862701,296.9702083,39.06428237,-0.102307311,3126,6.62,2.59,16.3,3.83,123.4,0.8,1297.4,261.7,1.66e-05,5858.4,2685.1,732.3,488.2,0,0,0,0,0,0.105196787,-1.300788456,0.546105958,NA,-0.679989768,7/11/18
22,4,24.48368056,200,6,high,2.29618851,0.006596887,0.000386578,0.00027,0,0.58,2.24,8.43,1.13e-05,562.5,2.750122527,0.00162,6.591673732,757.9332805,297.6336806,38.97720195,-0.015226889,NA,NA,NA,NA,NA,NA,NA,NA,NA,NA,NA,NA,NA,NA,NA,NA,NA,NA,0,1.642642139,NA,NA,NA,-0.453934017,7/11/18
23,4,22.31145833,0,6,high,2.10797148,0.006162258,0.000503445,0.0001984,0.2,0,0.42,7.52,8.14e-06,407,2.609594409,0.00057,5.547128665,860.0743116,295.4614583,39.26376097,-0.301785905,2028,5.63,1.15,16.84,3.04,84.2,0.8,592.3,121.5,1.02e-05,1609.1664,2414.168,163.176,0,0,0,0,0,0,0.248058039,-1.137490755,0.41094396,NA,-0.501622929,7/11/18
24,4,25.73868056,300,6,high,2.463066092,0.011675524,0.000539954,0.0002188,0.34,1.15,0,10.25,1.17e-05,587,2.768638101,0.00384,7.454719949,638.9434952,298.8886806,38.81354106,0.148434004,1639,6.65,0.83,22.39,5.39,355.3,0.8,5874.29,1273,1.68e-05,3129.08,1567.28,520.6,0,0,263.04,0,0,26304,0.406642334,-1.073072031,0.739593202,NA,-0.305572009,7/11/18
25,4,24.34777778,200,7,low,2.475500861,0.007175519,0.000660356,0.0001278,0,0.17,2.69,12.64,1.55e-05,775,2.889301703,0.00046,5.332718793,769.282284,297.4977778,38.99500749,-0.033032434,4694,6.25,2.32,20.62,3.54,209.2,0.8,4593.6,695.3,1.39e-05,5021.589,1586.6,1055.089,0,261.789,0,0,0,0,0.76678583,-1.271448226,0.603930252,NA,-0.413800842,7/11/18
26,4,25.55930556,300,7,low,2.390725822,0.011123207,0.000745961,0.0003604,0,1.36,2.37,15.6,1.93e-05,966.5,2.985201858,0.00266,7.087573706,679.6601068,298.7093056,38.8368486,0.125126464,7466,6,1.94,14.44,3.27,69.6,0.8,1576.84,205.2,1.23e-05,7122.926,1879.4,300.704,93.97,0,0,0,0,0,0.719428561,-2.171843551,0.750349644,NA,-0.594476036,7/11/18
27,4,23.86888889,100,7,low,2.285326595,0.007799478,5e-04,0.0003346,0,0.36,5.46,13.82,1.96e-05,982,2.992111488,0.00132,6.386879319,769.282284,297.0188889,39.05787985,-0.095904786,7542,5.51,2.53,18.63,2.81,200.5,0.9,3387.5,435.6,9.55e-06,2964.13,5830.11,412.23,510.38,98.15,0,0,0,0,1.919051191,-1.484312818,0.579545054,NA,-0.706784893,7/11/18
28,4,22.71263889,0,7,low,2.359354721,0.009135678,0.000434691,0.0002244,0.02,0.66,0,10.06,1.07e-05,537,2.729974286,0.00182,6.708084084,837.3763047,295.8626389,39.21052052,-0.248545463,7189,6.22,2.53,18.67,2.63,102,0.8,3410.2,367.6,1.37e-05,3089.664,1925.676,236.016,0,0,53.64,0,0,5364,4.126810955,-1.752970676,0.436951475,NA,-0.370619565,7/11/18
29,4,23.13659722,100,8,high,2.397820475,0.010114422,0.000563413,0.0002694,0.59,0.62,0,7.69,8.91e-06,445,2.648360011,0.00052,5.455321115,814.6782978,296.2865972,39.15441395,-0.192438886,8447,5.76,1.85,13.78,3.13,76.4,0.8,1368.8,189.8,1.09e-05,2926.865,874.365,266.825,36.945,0,0,0,0,0,1.027921132,-2.032861812,0.478056051,NA,-0.250539536,7/11/18
30,4,23.994375,200,8,high,2.242586119,0.00926704,0.000416778,0.000184,0,0.56,1.89,7.56,1e-05,500.5,2.699404082,0.00169,6.633976112,837.3763047,297.144375,39.04138544,-0.079410375,7423,6.11,2.35,11.83,2.62,86.8,0.8,866.9,168.1,1.3e-05,3395.77,1182.412,258.958,48.86,0,0,0,0,0,1.339505095,-2.026539006,0.56304738,NA,-0.456817963,7/11/18
31,4,21.82902778,0,8,high,2.220996761,0.00488058,0.000386783,0.0001686,0.62,0.15,2.6,3.13,6.5e-06,325,2.511883361,0.00085,5.946728653,928.1683324,294.9790278,39.32797583,-0.366000767,7667,7.18,2.58,21.06,4.81,87.2,0.8,3471.1,398.8,2.11e-05,2116.545,607.974,28.41,56.82,28.41,0,0,0,0,0.91425323,-2.101247581,0.488144479,NA,-0.2908866,7/11/18
32,4,25.12111111,300,8,high,2.131263404,0.007721483,0.000922938,0.0001812,0.25,0.66,0,7.35,8.26e-06,413,2.615950052,0.00611,7.919174356,769.282284,298.2711111,38.89390438,0.068070682,34019,5.55,2.26,19.29,4.17,57.6,0.8,3756.3,216,9.75e-06,3191.025,518.1,192.325,7.85,7.85,0,0,0,0,0.412849716,-2.836939926,0.713438617,NA,-0.484686648,7/11/18
33,4,21.89326389,0,9,none,2.222389658,0.006405511,0.000544468,6.98e-05,0.54,0.23,3.84,1.09,5.7e-06,285,2.45484486,0.00184,6.719013154,905.4703255,295.0432639,39.31941344,-0.357438375,2187,5.67,2.36,19.23,3.37,58.3,2.5,320,75.9,1.04e-05,1076.016,1076.016,164.649,0,0,0,0,0,0,1.285756424,-0.979655851,1,NA,-0.232455202,7/11/18
34,4,23.06909722,100,9,none,2.295608223,0.008172548,0.00048704,0.0001342,0,0.68,3.03,4.91,8.62e-06,431,2.63447727,0.00263,7.076231429,905.4703255,296.2190972,39.16333614,-0.201361075,3674,5.84,2.3,11.93,2.78,71,0.8,445.2,101.2,1.14e-05,1786.212,2037.96,171.828,0,0,0,0,0,0,0.456281512,-1.203578742,0.475035722,NA,-0.338869047,7/11/18
35,4,25.22166667,300,9,none,2.416031867,0.005290951,0.000342438,0.0001408,0,0.65,4.62,13.28,1.86e-05,927.5,2.967313918,0.00079,5.873525249,712.5372667,298.3716667,38.88079657,0.08117849,33919,5.22,2.87,18.96,2.34,29.8,0.7,819.4,83.5,8.12e-06,7756.826,1254.646,128.212,0,0,0,0,0,0,0.94587896,-2.408189432,0.733430514,NA,-0.551282051,7/11/18
36,4,24.11541667,200,9,none,2.286455907,0.007810109,0.000816837,2.98e-05,0,0.49,2.33,9.99,1.28e-05,640.5,2.806519134,0.00073,5.794536838,837.3763047,297.2654167,39.02548841,-0.063513354,8228,6.35,3,22.95,3.68,63.4,0.7,1037.3,127.5,1.46e-05,3944.887,2243.296,184.817,0,0,0,0,0,0,0.572109304,-1.680449389,0.458745594,NA,-0.520063227,7/11/18
37,4,24.374375,200,10,high,2.296396282,0.007823908,0.000554138,9.08e-05,0.72,0.13,0.98,2.07,3.9e-06,195,2.290034611,0.00157,6.560323202,757.9332805,297.524375,38.99152153,-0.029546472,6032,11.62,3.82,23.42,5.86,306.3,0.8,6722.9,1043.3,8.12e-06,1083.746,261.274,80.392,60.294,40.196,20.098,0,0,2009.8,1.251618577,-1.613645501,0.624286586,NA,0.006361671,7/11/18
38,4,25.14333333,300,10,high,2.525520243,0.00886791,0.000511401,0.0003646,0,1.29,4.47,11.22,1.7e-05,849,2.92890769,0.00174,6.663132696,735.2352736,298.2933333,38.89100686,0.070968196,13049,5.43,1.22,16.78,3.3,89,0.8,1080.6,160.7,9.14e-06,4705.392,2492.976,673.344,48.096,0,0,0,0,0,0.710891554,-2.034854647,0.672617709,NA,-0.403387447,7/11/18
39,4,23.43819444,100,10,high,2.333503076,0.011704837,0.000296725,0.0002134,0.16,0.14,2.95,6.06,9.3e-06,465.5,2.667919685,0.00367,7.409439245,791.9802909,296.5881944,39.11459826,-0.1526232,16643,6.03,2.68,21.38,3.34,117.9,0.8,5114.7,418.3,1.25e-05,3078.504,1024.65,387.09,40.986,22.77,0,0,0,0,0.603070666,-2.226688374,0.567408847,NA,-0.334416609,7/11/18
40,4,22.14208333,0,10,high,2.24943524,0.007622641,0.000466442,7.68e-05,0,0.33,3.02,6.75,1.01e-05,505,2.703291378,0.00233,6.95511585,814.6782978,295.2920833,39.28628205,-0.324306994,13205,6.06,2.41,12.77,2.66,69.6,0.8,1089.8,161.7,1.27e-05,3222.7,1318.828,322.27,89.244,0,0,0,0,0,1.084757271,-1.741715586,0.392601901,NA,-0.453856138,7/11/18
41,4,21.64458333,0,11,none,2.289576557,0.004708198,0.000294128,0.0001678,0.48,0,1.01,5.24,6.73e-06,336.5,2.526985069,0.00117,6.266251332,928.1683324,294.7945833,39.35258221,-0.390607145,5385,5.53,0.34,10.16,2.58,57.7,0.4,549.2,116,9.65e-06,2394.36,563.76,281.88,0,0,0,0,0,0,1.40007614,-1.326848398,0.359160751,NA,-0.237408512,7/11/18
42,4,22.785625,100,11,none,NA,0.00532616,0.00077504,5.74e-05,0.17,0.68,0.4,2.16,3.41e-06,170.5,2.231724383,0.00097,6.078788375,837.3763047,295.935625,39.2008501,-0.238875037,4604,6.61,1.97,18.78,3.71,228.7,1.5,3469.8,571.5,1.65e-05,617.842,480.244,160.531,45.866,22.933,22.933,0,0,2293.3,0.507091392,-1.538527682,NA,NA,NA,7/11/18
43,4,25.43347222,300,11,none,2.304453,0.009908524,0.000435395,9.66e-05,0.89,0.36,0,3.7,4.96e-06,247.5,2.393575203,0.00276,7.124478262,757.9332805,298.5834722,38.85321578,0.108759281,14276,5.78,3.16,13.25,2.28,73,0.8,995.5,147,1.1e-05,1277.142,539.721,148.275,11.862,0,0,0,0,0,0.859909906,-2.101016874,0.710765005,NA,-0.089122203,7/11/18
44,4,24.28284722,200,11,none,NA,0.007976328,0.001429466,0.0001872,0,0,10.68,20.82,3.15e-05,1575,3.197280558,7e-05,3.449987546,669.4809539,297.4328472,39.00352023,-0.041545172,6496,6.86,1.9,23.12,4.28,290.4,0.8,6467.7,977.6,1.84e-05,8224.286,5731.597,1333.668,190.524,190.524,190.524,0,0,19052.4,1.30819084,-1.837774591,1,NA,NA,7/11/18
45,4,23.27611111,100,12,low,2.33587802,0.005935845,0.000807683,0.0001202,0,0,9.39,6.26,1.57e-05,782.5,2.893484346,0.00023,4.639571613,882.7723186,296.4261111,39.1359858,-0.174010737,9052,5.51,2.27,22.46,6.95,125.2,0.8,5932.6,574.8,9.55e-06,5080.992,1958.299,453.66,0,0,68.049,0,0,6804.9,0.673480619,-1.80625555,1,NA,-0.557606326,7/11/18
46,4,24.15708333,200,12,low,2.115931314,0.008518797,0.000229043,0.0001086,0,0.48,0.74,7.95,9.17e-06,458.5,2.66133934,4e-04,5.192956851,746.584277,297.3070833,39.02001911,-0.058044053,1873,2.95,1.71,6.32,1.28,14.27,0.8,132.4,26.7,1.46e-06,4192.524,379.476,0,0,0,0,0,0,0,0.603171244,NA,NA,NA,-0.545408026,7/11/18
47,4,22.34180556,0,12,low,2.156601924,0.007804957,0.000618506,1.98e-05,0.04,0,3.06,5.27,8.37e-06,418.5,2.621695462,0.00093,6.03667689,882.7723186,295.4918056,39.25972855,-0.297753487,2498,5.66,3.15,10.27,2.02,93.4,0.9,567.6,123.75,1.03e-05,1567.5,2219.58,392.92,0,0,0,0,0,0,NA,-0.67259926,1,NA,-0.465093538,7/11/18
48,4,25.44138889,300,12,low,NA,0.014666797,0.000200915,2.18e-05,0,1.15,0,9.63,1.08e-05,539,2.731588765,0.00248,7.017506143,746.584277,298.5913889,38.85218565,0.109789412,4863,9.92,4.33,24.61,6.26,176,0.8,1954.7,386.5,5.57e-05,2987.58,1246.542,664.479,164.832,82.416,0,0,0,0,1.296603095,-1.575258167,0.767091192,NA,NA,7/11/18
1,6,27.64284722,100,1,high,2.727542089,0.010908633,0.00075437,0.000338,1.79,0.58,0,12.82,1.52e-05,759.5,2.880527778,6e-04,5.598421959,638.9434952,300.7928472,38.56783225,0.394142808,20845,5.1,1.97,14.17,2.7,37.52,0.8,2102.8,212.9,7.57e-06,5470.83,1236.23,75.13,54.64,0,0,0,0,0,1.247541178,-2.496820131,NA,NA,-0.152985689,7/25/18
2,6,28.2725,200,1,high,2.78845959,0.010797689,0.000979239,0.0002346,0.58,0.85,0,23.32,2.48e-05,1237.5,3.092545208,0.0038,7.444248649,537.1519663,301.4225,38.48726646,0.474708601,37694,2.86,1.5,17.34,5.13,20.74,0.8,2729.8,162.2,1.33e-06,11793.3,521.388,49.656,24.828,24.828,0,0,0,0,1.203966238,-3.007682992,NA,NA,-0.304085618,7/25/18
3,6,26.61215278,0,1,high,2.63177313,0.009525904,0.000700589,0.0003592,0.62,0.61,0,12.09,1.33e-05,666,2.823474229,6e-04,5.598421959,757.9332805,299.7621528,38.70044289,0.26153217,13239,7.23,2.3,21.85,4.54,156.6,0.8,5463,627.2,2.16e-05,4991.775,837.33,264.081,193.23,77.292,38.646,38.646,0,7729.2,1.702600404,-1.954604567,NA,NA,-0.191701099,7/25/18
4,6,29.05361111,300,1,high,2.831588127,0.019864025,0.000834028,0.0002656,0.82,0.61,0,22.32,2.38e-05,1187.5,3.074633618,0.0015,6.514712691,537.1519663,302.2036111,38.38778773,0.574187331,10197,5.63,2.4,24.63,3.28,52.1,0.8,880,109,1.02e-05,8776.364,2921.496,95.008,95.008,0,0,0,0,0,1.27066967,-2.530279402,NA,NA,-0.243045491,7/25/18
5,6,28.49277778,200,2,none,2.668613249,0.014536177,0.001339405,0.000337,0.01,0.58,0,17.37,1.8e-05,898,2.953276337,0.0022,6.897704943,577.8685779,301.6427778,38.45916073,0.502814329,6807,5.1,2.45,13.92,2.98,60,0.8,1412,206,7.57e-06,7229.59,1590.14,323.575,110.94,0,0,0,0,0,1.219048609,-2.099740267,NA,NA,-0.284663088,7/25/18
6,6,28.85805556,300,2,none,2.656864555,0.02150633,0.000805366,0.000153,1.13,0.71,0,13.86,1.57e-05,785,2.894869657,5e-04,5.416100402,557.5102721,302.0080556,38.4126445,0.549330561,10249,5.37,2.21,20.5,3.69,189.8,0.8,4509.6,669.6,8.84e-06,5132.575,1750.245,59.08,221.55,221.55,0,0,0,0,3.481560856,-1.713506116,NA,NA,-0.238005102,7/25/18
7,6,27.13125,100,2,none,2.603544532,0.006826184,0.000567604,0.0004034,0.64,0.04,0,21.75,2.24e-05,1121.5,3.049799278,6e-04,5.598421959,669.4809539,300.28125,38.6335413,0.328433758,30121,4.78,1.65,18.36,3.5,34,0.5,2156.4,164.5,6.23e-06,10260.84,1028.395,184.88,57.775,34.665,0,0,0,0,1.162063472,-2.649942496,NA,NA,-0.446254746,7/25/18
8,6,26.31625,0,2,none,2.490099538,0.008442164,0.000799541,0.0003238,0,0.18,2.73,15.2,1.81e-05,905.5,2.956888455,3e-04,4.905274778,649.1226481,299.46625,38.73868282,0.22329224,8059,6.35,1.45,20.2,4.5,140.3,0.8,4314.3,571.07,1.46e-05,7234.647,1359.406,456.239,176.909,93.11,0,0,0,0,1.656547548,-1.965644472,NA,NA,-0.466788917,7/25/18
9,6,26.16868056,0,3,low,2.453153765,0.009946314,0.000765314,0.0002508,0,0.87,0,9.33,1.02e-05,510,2.707570176,2e-04,4.49980967,723.8862701,299.3186806,38.75778168,0.204193379,9936,9.27,5.05,26.11,6.06,53.9,0.8,3141,298.4,4.55e-05,4275.414,548.13,119.592,0,39.864,0,0,0,0,1.755327922,-2.162128967,NA,NA,-0.254416411,7/25/18
10,6,27.34097222,100,3,low,2.544494684,0.008524656,0.000817476,0.00021,0.8,0.22,1.27,4.84,7.13e-06,356.5,2.552059534,2e-04,4.49980967,628.7643424,300.4909722,38.60657772,0.355397337,10953,3.55,1.63,14.75,2.19,41.2,0.8,1934,171.6,2.55e-06,2722.464,381.271,22.057,0,0,0,0,0,0,1.375757735,-2.802086404,NA,NA,-0.00756485,7/25/18
11,6,29.11560606,300,3,low,2.612787596,0.013680508,0.000431507,0.0001538,0.38,0.7,0,3.91,4.99e-06,249.5,2.39707055,0.0089,8.29529886,516.7936605,302.2656061,38.37991436,0.582060701,17128,5.46,2.39,18.07,3.32,155.97,0.8,3087.1,426.2,9.29e-06,1232.113,558.334,211.999,58.772,29.386,0,0,0,0,1.671380616,-1.671924808,NA,NA,0.215717046,7/25/18
12,6,28.06910354,200,3,low,2.647033072,0.016324049,0.000925753,0.0004358,0.5,0,0,24.85,2.53e-05,1267.5,3.102947968,0.0024,6.98471632,506.6145076,301.2191035,38.51325476,0.448720297,15213,6.42,0.43,23.98,6.19,78,0.8,5593.4,467.5,1.51e-05,11537.674,1254.095,211.216,66.005,66.005,66.005,0,0,6600.5,1.489728009,-2.35279704,NA,NA,-0.455914896,7/25/18
13,6,28.96951389,300,4,none,2.730514582,0.010816306,0.001001579,0.0004488,0,1.02,1.52,19.08,2.16e-05,1081,3.033825694,5e-04,5.416100402,537.1519663,302.1195139,38.39847326,0.563501804,5704,4.85,1.79,16.64,3.46,65.1,0.8,1911.3,249.9,6.51e-06,9365.276,889.864,444.932,151.928,0,0,0,0,0,2.104607515,-2.042537195,NA,NA,-0.303311112,7/25/18
14,6,25.53763889,0,4,none,2.50207814,0.013559799,0.001163352,0.0001986,0.05,1.14,0,10.14,1.13e-05,566.5,2.753199914,9e-04,6.003887067,659.301801,298.6876389,38.8396658,0.122309257,5541,4.41,1.63,23.24,4.82,121.8,0.8,6569.4,784.8,4.89e-06,4884.321,303.576,75.894,75.894,0,75.894,0,0,7589.4,1.319294913,-1.860564965,NA,NA,-0.251121774,7/25/18
15,6,27.89604167,200,4,none,2.675755372,0.01088347,0.000450644,0.0005764,0.51,0.26,0,24.7,2.55e-05,1273.5,3.104998949,6e-04,5.598421959,588.0477308,301.0460417,38.53539482,0.426580242,12287,6.98,2.7,19.01,4.39,89.2,0.8,3597.9,364.2,1.94e-05,10792.038,1588.609,341.354,341.354,78.774,0,0,0,0,1.472511698,-2.103661749,NA,NA,-0.429243577,7/25/18
16,6,26.55034722,100,4,none,2.552965287,0.010013516,0.000574622,0.000597,0.18,0.07,2.39,15.91,1.86e-05,927.5,2.967313918,0.0022,6.897704943,649.1226481,299.7003472,38.70842387,0.25355119,3746,3.58,1.9,7.14,1.51,17.1,0.8,190.5,34.1,2.62e-06,8140.328,1191.5,0,200.172,0,0,0,0,0,1.603698283,-1.897087532,NA,NA,-0.414348631,7/25/18
17,6,25.92298611,0,5,low,2.49304469,0.006317577,0.000677255,0.0001808,0.6,0.54,0,8.14,9.28e-06,464,2.666517981,3e-04,4.905274778,769.282284,299.0729861,38.78962198,0.172353085,9702,3.92,1.25,22.01,7.72,106.7,0.8,5582.9,507.8,3.44e-06,2205.228,1332.687,559.989,138.912,69.456,0,0,0,0,1.204802325,-1.536876288,NA,NA,-0.173473291,7/25/18
18,6,26.65763889,100,5,low,2.557860163,0.01324128,0.000624903,0.0001944,0.39,0.31,0,7.05,7.75e-06,387.5,2.588271707,0.0066,7.996317232,659.301801,299.8076389,38.69457135,0.267403711,17134,5.91,2.77,24.99,3.92,79.2,0.8,5245.1,503.7,1.18e-05,2947.675,634.595,52.57,67.59,33.795,18.775,0,0,1877.5,2.939956501,-2.142310015,NA,NA,-0.030411544,7/25/18
19,6,28.79319444,300,5,low,2.831448895,0.028914265,0.001189216,0.0003854,0.75,0.35,0,33.94,3.51e-05,1752,3.243534102,5e-04,5.416100402,557.5102721,301.9431944,38.42089601,0.541079051,14276,5.8,2.73,20.02,5.01,136,0.8,7250,954.2,1.11e-05,13584.12,2778.16,396.88,793.76,306.68,0,0,0,0,2.308863761,-1.713936428,NA,NA,-0.412085207,7/25/18
20,6,27.90888889,200,5,low,2.624015249,0.015480066,0.000706278,0.0003612,1.13,0.66,0,6.11,7.9e-06,395,2.596597096,0.0058,7.8671055,516.7936605,301.0588889,38.53375038,0.42822468,7521,5.79,0.91,20.08,5.33,196.8,0.8,4239,687.6,1.11e-05,2041.875,986.634,68.607,68.607,101.277,0,0,0,0,1.653177906,-1.669844302,NA,NA,0.027418153,7/25/18
21,6,27.46965278,100,6,high,2.669811326,0.015192545,0.000504027,0.0003378,0.99,0.11,0,10.4,1.15e-05,575,2.759667845,0.0012,6.29156914,557.5102721,300.6196528,38.59005214,0.371922923,21928,4.97,2.11,23.01,6.99,61.3,0.8,5629.6,377.4,7.01e-06,4638.831,729.828,116.109,0,22.116,22.116,0,0,2211.6,1.090832051,-2.383315936,NA,NA,-0.089856519,7/25/18
22,6,28.17048611,200,6,high,2.707430832,0.018533626,0.001285759,0.0004368,1.14,0.25,0,14.98,1.64e-05,818.5,2.913018684,0.0024,6.98471632,577.8685779,301.3204861,38.50029656,0.461678502,13848,3.86,1.73,21.61,6.86,75.2,0.8,5286.4,489.6,3.28e-06,7113.638,629.314,135.422,0,47.796,47.796,0,0,4779.6,1.763717765,-2.178920185,NA,NA,-0.205587852,7/25/18
23,6,26.06715278,0,6,high,2.529625178,0.007287629,0.000618949,0.0003128,0.66,0.63,0,11.45,1.27e-05,637,2.804139432,0.001,6.109247583,701.1882632,299.2171528,38.77093264,0.191042424,8126,4.3,2,11.35,2.45,27.9,0.8,764.7,92.8,4.54e-06,5455.188,530.874,115.938,0,0,0,0,0,0,1.595630267,-2.349268164,NA,NA,-0.274514254,7/25/18
24,6,29.62597222,300,6,high,2.857518381,0.023989767,6e-04,0.000504,0.34,0.19,0,22.92,2.35e-05,1172.5,3.069112851,0.0011,6.204557763,425.1812844,302.7759722,38.31522029,0.64675477,11825,5.76,1.98,23.95,4.35,165.8,0.8,7192.4,774,1.09e-05,9355.008,1936.779,487.24,85.267,243.62,0,85.267,0,8526.7,1.461235441,-1.926554579,NA,NA,-0.21159447,7/25/18
25,6,28.56409722,200,7,low,2.814778716,0.018464406,6e-04,0.0001894,0.9,0.3,0,12.12,1.33e-05,666,2.823474229,NA,NA,577.8685779,301.7140972,38.45006972,0.511905338,16201,4.82,1.9,21.65,6.03,78.6,0.8,5313,400.9,6.39e-06,5139.056,934.96,283.712,64.48,0,32.24,0,0,3224,1.917556159,-2.186974413,NA,NA,-0.008695513,7/25/18
26,6,29.62972222,300,7,low,2.78097957,0.016451961,0.001674374,0.0002116,3.45,1.15,0,7.61,1.22e-05,610.5,2.785685668,0.001,6.109247583,445.5395902,302.7797222,38.31474575,0.647229313,12996,5.72,2.04,22.91,5.07,190.8,0.8,4204.9,630.2,1.07e-05,3072.993,591.745,146.916,97.944,97.944,73.458,0,0,7345.8,1.737388935,-1.622071212,NA,NA,-0.004706098,7/25/18
27,6,28.13298611,100,7,low,2.53416485,0.010911997,0.000905292,0.0004148,1.44,0.45,0,11.78,1.37e-05,683.5,2.834738519,0.0031,7.240649694,618.5851895,301.2829861,38.5050886,0.456886459,14673,5.34,1.85,19.49,5.44,84.5,0.8,3874.7,351.2,8.69e-06,4560.471,1342.422,232.101,69.003,69.003,0,0,0,0,1.66068342,-2.06977286,NA,NA,-0.300573669,7/25/18
28,6,26.65673611,0,7,low,2.454396271,0.01181553,0.000961623,3.7e-05,0.53,0.2,0.06,4.07,4.86e-06,243,2.385606274,0.001,6.109247583,659.301801,299.8067361,38.69468787,0.267287193,6418,6.62,1.97,28.72,5.6,172.5,0.8,2752,506,1.66e-05,1581.12,349.164,160.308,107.604,0,0,0,0,0,1.785808429,-1.393868873,NA,NA,0.068789997,7/25/18
29,6,26.58423611,100,8,high,2.711515845,0.011087487,0.001195204,0.0004084,0.72,0.63,0,14.32,1.57e-05,783.5,2.894039001,0.0018,6.697034248,659.301801,299.7342361,38.70404737,0.257927686,9940,3.69,0.8,22.59,3.34,78.8,0.8,6035.8,554.4,2.87e-06,6963.451,480.501,61.016,61.016,0,61.016,0,0,6101.6,1.461388089,-2.16217773,NA,NA,-0.182523156,7/25/18
30,6,27.45145833,200,8,high,2.580261477,0.009719169,0.000431963,0.000393,0.73,0.68,0.48,11.13,1.3e-05,651,2.813580989,0.0011,6.204557763,638.9434952,300.6014583,38.59238787,0.36958719,12819,4.48,1.55,22.8,3.4,117.7,0.6,6208.3,578.7,5.13e-06,4920,934.8,172.2,30.75,79.95,18.45,0,0,1845,1.508689604,-2.317476408,NA,NA,-0.233319512,7/25/18
31,6,25.306875,0,8,high,2.429673076,0.009632355,6e-04,0.0003904,0.18,0.67,0,4.87,5.71e-06,286,2.456366033,0.0013,6.371611847,769.282284,298.456875,38.86969625,0.092278813,7771,4.58,2.32,12.89,3.07,48.3,0.8,676.5,89.4,5.48e-06,1663.904,732.848,99.104,44.336,33.904,10.432,0,0,1043.2,1.105078335,-2.107791412,NA,NA,-0.026692957,7/25/18
32,6,28.78916667,300,8,high,2.613748769,0.014726532,0.000787376,0.0001842,0.37,0.46,0,21.26,2.21e-05,1104.5,3.04316572,0.0031,7.240649694,577.8685779,301.9391667,38.42140853,0.540566529,2706,6.41,2.45,22.1,4.84,178,0.8,5655.2,783.7,1.5e-05,8967.244,1650.968,271.392,0,135.696,271.392,0,0,27139.2,0.934122925,-1.69191178,NA,NA,-0.429416951,7/25/18
33,6,25.424375,0,9,none,2.525524681,0.019102787,0.00063676,0.0003986,0,0.1,2.11,7.76,9.97e-06,498.5,2.697665163,4e-04,5.192956851,557.5102721,298.574375,38.85439959,0.107575468,7225,5.17,2.26,12.81,2.78,38.7,0.8,1100.8,101.2,7.89e-06,3848.366,1020.477,187.849,25.385,0,0,0,0,0,1.048093199,-2.397785275,NA,NA,-0.172140482,7/25/18
34,6,26.56111111,100,9,none,2.637580024,0.010802802,0.001201846,0.0001666,0.53,0.51,0,14.27,1.53e-05,765.5,2.883945195,7e-04,5.752572639,723.8862701,299.7111111,38.70703369,0.254941373,9858,4.85,2.19,15.34,2.36,58.8,0.8,1889.7,121.4,6.51e-06,5848.92,1390.068,303.84,0,60.768,0,0,0,0,0.791660083,-2.061524311,NA,NA,-0.246365171,7/25/18
35,6,28.66888889,300,9,none,2.742052498,0.011203698,0.001050709,0.0003278,1.19,0.28,0,27.01,2.85e-05,1424,3.153509989,0.001,6.109247583,516.7936605,301.8188889,38.43671984,0.525255222,18543,4.46,1.11,12.51,2.46,30.8,0.8,1025.8,130,5.06e-06,13151.012,904.491,186.641,122.0345,0,0,0,0,0,1.810108,-2.482692367,NA,NA,-0.411457491,7/25/18
36,6,27.74277778,200,9,none,2.465430002,0.005587349,0.000672986,0.0003196,0.58,0.27,0,13.11,1.4e-05,698,2.843855423,0.0027,7.102499356,638.9434952,300.8927778,38.55502335,0.406951707,7032,3.42,1.79,11.49,1.84,21,0.8,795.3,85.7,2.28e-06,6045.591,543.894,153.406,153.406,76.703,0,0,0,0,2.549689423,-1.967808097,NA,NA,-0.378425421,7/25/18
37,6,28.24479167,200,10,high,2.610732113,0.015712915,6e-04,0.0003086,0.8,0.69,0,6.61,8.09e-06,405,2.607455023,3e-04,4.905274778,577.8685779,301.3947917,38.49080473,0.471170326,3751,9.57,2,22.81,3.08,467.4,0.8,6212.9,1475.1,5e-05,2872.329,293.239,0,74.193,74.193,222.579,0,0,22257.9,1.503974293,-1.339361746,NA,NA,0.00327709,7/25/18
38,6,29.13333333,300,10,high,2.595119111,0.016837738,0.000846213,0.0004288,0.67,0.44,0,15.42,1.65e-05,826.5,2.917242858,0.0029,7.17395832,577.8685779,302.2833333,38.37766359,0.584311474,14396,5.22,2.38,23.49,3.41,133.6,0.8,6784,625.9,8.12e-06,5571.195,2272.785,131.28,0,180.51,41.025,0,0,4102.5,2.048607314,-1.985410697,NA,NA,-0.322123747,7/25/18
39,6,26.92284722,100,10,high,2.559240943,0.014777002,0.001584683,0.0002974,0.84,0.38,0,9.63,1.09e-05,542.5,2.734399743,0.0017,6.639875834,598.2268837,300.0728472,38.66037258,0.301602482,5626,5.71,2.18,17.15,4.65,117.4,0.8,2639.2,345.6,1.06e-05,3133.208,1353.792,425.624,143.584,0,0,0,0,0,3.117296749,-1.496183887,NA,NA,-0.1751588,7/25/18
40,6,26.06076389,0,10,high,2.372382469,0.008858373,0.000737154,0.0002934,1.28,0.69,0,10.93,1.29e-05,645,2.809559715,NA,NA,638.9434952,299.2107639,38.77176049,0.190214568,3985,7.21,3.69,18.12,3.75,195.1,0.9,3112.8,486.9,2.14e-05,3199.572,1602.7,914.996,116.56,0,0,0,0,0,1.467742336,-1.430305757,NA,NA,-0.437177246,7/25/18
41,6,25.250625,0,11,none,2.207802496,0.006668553,0.00029248,0.000287,0.24,0.61,0.92,11.08,1.29e-05,642.5,2.807873132,0.001,6.109247583,769.282284,298.400625,38.87702338,0.084951682,2575,6.45,1.98,14.97,3.76,134,0.9,1757.1,347.2,1.53e-05,4215.44,1725.36,189.6,189.6,0,0,0,0,0,1.511930002,-1.728570891,NA,NA,-0.600070636,7/25/18
42,6,26.50604167,100,11,none,2.492257231,0.00435309,0.00146367,0.0002788,0.84,0.78,0,6.59,8.21e-06,410.5,2.613313161,5e-04,5.416100402,659.301801,299.6560417,38.71414709,0.247827968,936,6.11,4.3,11.96,2.84,139.5,4.4,755.1,218.1,1.3e-05,1762.5,1173.825,588.675,0,0,0,0,0,0,1.70733748,-0.63131718,NA,NA,-0.12105593,7/25/18
43,6,29.29958333,300,11,none,2.593934616,0.012957227,0.001576835,0.000301,1.12,0.75,0,6.41,8.29e-06,414,2.617000341,0.0036,7.390181428,537.1519663,302.4495833,38.35656821,0.605406847,6757,5.26,2.05,25.64,3.45,67.4,0.9,898,133,8.3e-06,1875.663,1395.603,161.163,0,0,0,0,0,0,1.865198307,-1.325716943,NA,NA,-0.023065725,7/25/18
44,6,27.97125,200,11,none,2.560370054,0.012510426,0.000441216,0.0002434,0.63,0.33,0,3.74,4.69e-06,235,2.371067862,0.0019,6.751101469,537.1519663,301.12125,38.52577018,0.436204879,18675,3.93,1.55,18.54,2.91,28.5,0.8,3338.38,219.2,3.46e-06,1847.225,125.811,15.976,0,7.988,0,0,0,0,1.603698283,-2.590423795,NA,NA,0.189302192,7/25/18
45,6,27.05159722,100,12,low,2.410196052,0.013177631,0.001142347,8.36e-05,0.89,0,5.77,8.6,1.53e-05,763,2.882524538,0.0014,6.445719819,701.1882632,300.2015972,38.64379198,0.318183083,9142,3.5,1.94,13.15,3.96,24.6,0.8,282.4,38.4,2.45e-06,6067.512,1104.488,0,0,0,0,0,0,0,1.575205714,NA,NA,NA,-0.472328486,7/25/18
46,6,28.04506944,200,12,low,2.654504432,0.013402706,0.00017376,0.00020683,0.25,0.5,0,8.04,8.79e-06,439.5,2.642958879,0.0017,6.639875834,649.1226481,301.1950694,38.51632796,0.445647101,4448,5.57,2.7,12.4,3.35,74.34,0.8,997.1,203.7,9.86e-06,3253.074,887.202,150.01,0,0,0,0,0,0,1.617944567,-1.795688606,NA,NA,0.011545553,7/25/18
47,6,26.11993056,0,12,low,2.380951072,0.009713741,0.000978243,0.0001434,0.43,0.82,0,12.32,1.36e-05,678.5,2.831549852,NA,NA,649.1226481,299.2699306,38.76409519,0.197879875,6711,5.14,0.74,22.87,4,114.1,0.8,5784.2,626.9,7.75e-06,4888.08,1379.7,229.95,0,78.84,0,0,0,0,1.809512183,-1.921575376,NA,NA,-0.45059878,7/25/18
48,6,29.450625,300,12,low,2.473422907,0.017847205,0.000957829,0.0003086,0.97,0,0.43,11.94,1.33e-05,667,2.824125834,0.0023,6.942156706,516.7936605,302.600625,38.33742271,0.624552346,6056,5.83,2.6,22.27,4.22,101.1,0.8,2919,430.8,1.13e-05,5262.285,934.791,169.962,0,169.962,0,0,0,0,1.937321555,-1.696427965,NA,NA,-0.350702927,7/25/18
1,8,27.639375,100,1,high,2.681260356,0.002954619,9.56e-05,0.0003428,1.22,0.31,0.67,13.38,1.56e-05,779,2.891537458,0.00234,6.959398512,679.6601068,300.789375,38.56827747,0.393697593,28797,7.55,1.33,27.89,5.49,226.9,0.8,6916.5,802.8,2.46e-05,5194,1439.48,385.84,81.62,244.86,59.36,0,0,5936,0.079123402,-1.824553521,0.24014838,NA,-0.210277102,8/8/18
2,8,28.10090278,200,1,high,2.777926002,0.010277858,0.00054255,0.000547,1.1,0.18,0,31.48,3.28e-05,1638,3.214313897,0.00226,6.924612396,567.689425,301.2509028,38.50918941,0.452785653,35454,6.01,1.34,30.96,5.45,167.6,0.6,6690.8,743.1,1.24e-05,12697.311,2910.846,518.599,217.477,217.477,117.103,33.458,0,15056.1,0.387159721,-2.198456329,0.794774092,NA,-0.436387895,8/8/18
3,8,26.306875,0,1,high,2.609928103,0.004942861,0.000166937,0.0002948,0,0.52,2.04,12.38,1.49e-05,747,2.873320602,0.00177,6.680227129,814.6782978,299.456875,38.7398956,0.22207946,22491,3.75,1.04,23.66,5.61,116.1,0.8,4562.7,506.9,3.01e-06,6152.328,863.88,338.04,30.048,30.048,105.168,0,0,10516.8,1.479457175,-2.166272427,0.84553971,NA,-0.263392499,8/8/18
4,8,29.00020833,300,1,high,2.824455313,0.004420354,0.000223419,0.0003728,1.18,0.08,0,24.92,2.62e-05,1309,3.116939647,0.00168,6.628041376,810.1386964,302.1502083,38.39457248,0.567402578,30005,4.1,1.19,20.41,2.77,69.76,0.8,4449.7,332.22,3.93e-06,9520.279,3177.84,304.543,39.723,105.928,0,0,0,0,0.276805659,-2.445498345,0.940598947,NA,-0.292484334,8/8/18
5,8,28.3,200,2,none,2.839640783,0.007348932,0.000144659,0.0001476,0.2,0,0,22.85,2.31e-05,1152.5,3.061640934,0.00155,6.547502514,746.584277,301.45,38.48375543,0.478219631,37936,3.98,1.11,26.51,3.68,88.6,0.8,4786,389.7,3.6e-06,9904.608,1456.56,449.106,121.38,97.104,48.552,0,0,4855.2,1.304542744,-2.234293027,NA,NA,-0.222000151,8/8/18
6,8,28.95347222,300,2,none,2.752211369,0.005973873,0.000828303,0.0002538,3.58,0.61,0,8.87,1.31e-05,653,2.814913181,0.00197,6.787281126,791.9802909,302.1034722,38.40051221,0.561462849,17363,6.73,2,24.6,4.91,190,0.7,10928,1096,1.74e-05,3451.086,729.036,279.306,170.424,85.212,23.67,0,0,2367,0.239360193,-1.891213724,0.907719286,NA,-0.062701812,8/8/18
7,8,27.24916667,100,2,none,2.726718047,0.004662388,0.000305536,0.0003326,0.78,0.04,0,13.94,1.48e-05,738,2.868056362,0.00206,6.831953566,618.5851895,300.3991667,38.61837635,0.343598709,53148,3.71,1.25,25.16,3.25,52.5,0.8,3455.8,264.7,2.91e-06,6518.16,622.188,111.105,96.291,29.628,88.884,0,0,8888.4,1.182286146,-2.086960887,0.930984165,NA,-0.141338315,8/8/18
8,8,26.43805556,0,2,none,2.503466868,0.004746411,0.000353709,0.0003336,0.52,0,0,17.68,1.82e-05,910,2.959041392,0.00151,6.521357234,638.9434952,299.5880556,38.72293257,0.23904249,16943,6.08,1.9,21.72,4.88,215.1,0.8,5364.8,688.9,1.28e-05,6302.032,1822.048,525.952,394.464,262.976,84.528,0,0,8452.8,1.313000589,-1.667698953,0.850043486,NA,-0.455574524,8/8/18
9,8,26.36243056,0,3,low,2.547879679,0.007797053,0.000211121,0.0002282,0.13,0.47,0,11.73,1.23e-05,616.5,2.789933081,0.00183,6.71356355,577.8685779,299.5124306,38.73270987,0.229265194,25625,3.08,1.42,15.72,2.25,34.8,0.8,1930.8,171.2,1.67e-06,5789.115,306.005,93.675,37.47,18.735,0,0,0,0,0.606720359,-2.587930787,0.309207476,NA,-0.242053402,8/8/18
10,8,27.53881944,100,3,low,2.456755691,0.004955956,0.000398907,0.0002192,0.68,0.6,0,8.27,9.55e-06,477.5,2.678973376,0.00127,6.348264483,659.301801,300.6888194,38.58117537,0.380799692,7111,4.05,1.68,17.35,2.4,51.7,0.8,2734.5,288.8,3.79e-06,3732.552,533.852,48.532,0,48.532,0,0,0,0,3.474506948,-2.153144141,0.964981998,NA,-0.222217685,8/8/18
11,8,29.32710227,300,3,low,2.923785189,0.011166494,8.72e-05,0.0002308,0.36,0,1.69,13.19,1.52e-05,762,2.881954971,0.00086,5.958424693,882.7723186,302.4771023,38.35307859,0.608896473,31921,3.48,1.58,24.45,7.5,67.8,0.8,7657.7,466.2,2.4e-06,6432.732,1165.35,54.383,38.845,54.383,23.307,0,0,2330.7,0.45277827,-2.45692412,0.861233546,NA,0.041830218,8/8/18
12,8,28.23431818,200,3,low,2.8728014,0.00674139,0.000602493,5.96e-05,0.31,0,0,28.89,2.92e-05,1460,3.164352856,0.00189,6.745824412,803.3292943,301.3843182,38.49214234,0.469832721,103922,2.81,1.52,24.56,2.62,42.8,0.6,5785.7,321.9,1.27e-06,13750.912,1365.883,46.041,35.2981,104.3596,12.2776,12.2776,0,2455.52,0.37939729,-2.791925614,0.770347769,NA,-0.291551456,8/8/18
13,8,28.72819444,300,4,none,2.998698998,0.008038243,0.000861415,0.0005284,0.85,0.65,0,24.72,2.62e-05,1311,3.117602692,0.00161,6.585481762,803.3292943,301.8781944,38.42916874,0.532806317,12926,5.94,1.9,22.31,4.83,123.4,0.8,5814.7,612.6,1.2e-05,10679.424,1670.304,473.472,0,78.912,78.912,157.824,0,23673.6,0.520594187,-1.939302561,0.800057823,NA,-0.118903694,8/8/18
14,8,25.41159722,0,4,none,2.23965202,0.009967124,0.000543811,0.0001734,0.72,0.4,0.06,5.49,6.67e-06,333.5,2.523095838,0.00249,7.021530293,649.1226481,298.5615972,38.85606248,0.105912585,10350,3.93,1.57,14.52,4.62,40.3,0.8,1601.9,156.9,3.46e-06,2249.516,576.42,79.812,26.604,0,0,0,0,0,0.69875742,-2.2407422,0.758738696,NA,-0.283443818,8/8/18
15,8,27.86527778,200,4,none,2.844296301,0.007269746,0.000383551,0.0005116,1.02,0.07,0.63,27.98,2.97e-05,1485,3.171726454,0.00204,6.822197391,735.2352736,301.0152778,38.53933315,0.422641908,NA,NA,NA,NA,NA,NA,NA,NA,NA,NA,NA,NA,NA,NA,NA,NA,NA,NA,0,0.411241531,NA,0.717524488,NA,-0.327430153,8/8/18
16,8,26.4975,100,4,none,2.486818163,0.004755403,0.000596523,0.000238,0.43,0.01,0,21.84,2.23e-05,1114,3.046885191,0.00115,6.249009525,618.5851895,299.6475,38.71525067,0.246724393,12205,7.03,1.68,23.56,5.78,328,0.8,4890.4,879.9,1.98e-05,7483.29,2250.788,452.478,452.478,672.916,301.652,0,0,30165.2,0.535783785,-1.312002645,0.671337277,NA,-0.560067028,8/8/18
17,8,25.93340278,0,5,low,2.576821981,0.003291735,0.000545672,0.0003638,0,0.33,0,23.22,2.36e-05,1177.5,3.070960916,0.00238,6.97634807,516.7936605,299.0834028,38.78827099,0.173704075,4618,8.87,2.23,21.59,5.25,475,0.8,5270.2,1054.9,3.98e-05,5863.875,3975.09,419.73,1049.325,839.46,209.865,0,0,20986.5,1.416144986,-1.236983813,0.766019194,NA,-0.494138935,8/8/18
18,8,26.72638889,100,5,low,2.563760637,0.006936817,0.000337378,0.0004572,0.48,0.1,0,26.23,2.68e-05,1340.5,3.127266818,0.00195,6.777076955,649.1226481,299.8763889,38.68570019,0.276274872,4460,6.37,2.08,20.46,4.57,192.2,0.8,4487.3,703.3,1.47e-05,10271.569,2438.975,487.795,250.866,487.795,0,0,0,0,2.478555929,-1.651771824,0.886213378,NA,-0.563506181,8/8/18
19,8,28.95201389,300,5,low,2.901628282,0.006161587,9.72e-05,0.0006192,0.46,0,0,45.6,4.61e-05,2303,3.362293938,0.00114,6.240275845,791.9802909,302.1020139,38.40069758,0.561277479,NA,NA,NA,NA,NA,NA,NA,NA,NA,NA,NA,NA,NA,NA,NA,NA,NA,NA,0,1.878822937,NA,0.951641033,NA,-0.460665656,8/8/18
20,8,28.08388889,200,5,low,2.754351707,0.007872351,0.00073035,0.0003348,2.52,0.49,0,20.32,2.33e-05,1166.5,3.066884743,0.00145,6.480811139,814.6782978,301.2338889,38.51136443,0.450610629,16101,8.54,2.26,22.65,4.95,242.2,0.8,6085.4,797.3,3.55e-05,7859.597,1632.461,367.574,583.794,259.464,108.11,0,0,10811,0.265479334,-1.65792699,0.957717161,NA,-0.312533036,8/8/18
21,8,27.62729167,100,6,high,2.805241475,0.006948605,0.000200545,0.0002516,0.44,0.29,0,26.9,2.76e-05,1381.5,3.140350889,0.00208,6.841615476,757.9332805,300.7772917,38.5698269,0.392148163,20829,3.41,0.99,24.85,5.88,129.8,0.8,7393.9,698.1,2.26e-06,12239.944,1329.807,371.774,114.392,142.99,85.794,28.598,0,11439.2,0.468941991,-2.232039568,0.858117556,NA,-0.335109414,8/8/18
22,8,28.46159722,200,6,high,2.752639063,0.006596887,0.000786247,0.0003318,0.17,0.28,0,29.04,2.95e-05,1474.5,3.168644777,0.00151,6.521357234,746.584277,301.6115972,38.46313663,0.498838427,14539,7.02,1.73,28.01,6.21,327.3,0.8,6167.7,942.3,1.97e-05,7640.325,5494.86,1034.145,432.18,756.315,77.175,0,0,7717.5,0.627165915,-1.691996843,0.854551268,NA,-0.416005714,8/8/18
23,8,26.33236111,0,6,high,2.649685646,0.006162258,8e-04,0.000329,0.48,0.46,0,20.17,2.11e-05,1055.5,3.023458238,0.00093,6.03667689,618.5851895,299.4823611,38.73659881,0.225376246,4778,5.37,2.49,22.8,5.25,231.3,0.8,6205.2,965.3,8.84e-06,8143.311,1555.705,514.992,75.103,375.515,0,0,0,0,2.739306006,-1.803163515,0.792616477,NA,-0.373772592,8/8/18
24,8,29.93777778,300,6,high,2.812624373,0.011675524,0.000303824,0.0004724,0.33,0.32,0,30.21,3.09e-05,1543,3.188365926,0.00574,7.856706793,928.1683324,303.0877778,38.275803,0.68617206,69140,2.95,1.02,23.91,6.92,46.2,0.8,7054,338.2,1.46e-06,13520.836,2296.294,144.522,16.058,80.29,8.029,0,0,802.9,0.339527204,-3.067951108,0.860433566,NA,-0.375741553,8/8/18
25,8,28.74451389,200,7,low,2.982110077,0.007175519,3e-04,0.0003342,1.97,0.3,0,23.38,2.57e-05,1282.5,3.108057374,0.00285,7.156566577,798.789693,301.8945139,38.42709139,0.534883674,14732,5.87,1.47,22.22,5.65,187.7,0.7,5743.1,790.6,1.15e-05,9298.388,2150.563,472.378,111.879,248.62,111.879,0,0,11187.9,2.247498462,-1.920965078,0.961195706,NA,-0.125947297,8/8/18
26,8,29.83368056,300,7,low,2.781848092,0.011123207,0.000341533,0.0001776,0.58,1.11,0,10.59,1.23e-05,614,2.788168371,0.00158,6.56667243,928.1683324,302.9836806,38.28895356,0.673021501,NA,NA,NA,NA,NA,NA,NA,NA,NA,NA,NA,NA,NA,NA,NA,NA,NA,NA,0,0.62209327,NA,0.873548691,NA,-0.006320279,8/8/18
27,8,28.22138889,100,7,low,2.916022928,0.007799478,0.000387852,0.000524,1.64,0.55,0,32,3.42e-05,1709.5,3.232869105,0.00383,7.452112386,719.3466687,301.3713889,38.49379371,0.46818135,7589,9.62,2.72,21.32,5.56,309.5,0.8,5073.9,897.7,5.08e-05,11401.39,3862.859,340.34,510.51,340.34,510.51,0,0,51051,1.146118864,-1.531094126,0.946729876,NA,-0.316846177,8/8/18
28,8,26.85381944,0,7,low,2.576080308,0.009135678,0.000436488,0.0003396,0.25,1.79,0,14.52,1.66e-05,828,2.918030337,0.00282,7.145984468,655.2301399,300.0038194,38.66926793,0.292707129,2656,4.87,1.79,12.39,3.03,29.3,0.8,350,71.6,6.59e-06,7084.416,458.312,225.272,0,0,0,0,0,0,1.387061121,-2.198920856,0.840178642,NA,-0.341950029,8/8/18
29,8,26.67194444,100,8,high,2.560000148,0.010114422,0.001276816,0.0003386,1.72,0.25,0,27.37,2.93e-05,1467,3.166430114,0.0065,7.98104976,683.731768,299.8219444,38.6927251,0.269249964,11646,5.86,0.86,29.61,3.34,183.4,0.8,4241.7,537,1.15e-05,5266.376,8394.196,290.96,290.96,290.96,0,0,0,0,0.657199603,-1.614160945,0.820823101,NA,-0.606429966,8/8/18
30,8,27.74423611,200,8,high,2.628471739,0.00926704,0.000267754,0.0001194,0.55,0,0,44.93,4.55e-05,2274,3.35679046,0.00261,7.068597804,717.076868,300.8942361,38.55483649,0.40713857,10814,4.74,1.45,20.11,4.07,135.1,0.8,4255.37,599,6.08e-06,19021.999,3627.784,358.005,167.069,358.005,358.005,0,0,35800.5,0.899374908,-1.910447129,0.924786369,NA,-0.728318721,8/8/18
31,8,25.39284722,0,8,high,NA,0.00488058,9.67e-05,0.0002298,0,0.46,0,22.74,2.32e-05,1160,3.064457989,0.00148,6.501289671,506.6145076,298.5428472,38.85850283,0.103472228,7345,6.58,2.54,16.42,3.27,57.8,0.8,2318.6,263,1.63e-05,9904.986,1802.006,120.94,120.94,120.94,0,0,0,0,3.427790845,-2.238705833,0.706228354,NA,NA,8/8/18
32,8,28.99590278,300,8,high,2.693686862,0.007721483,0.000410772,0.000175,0.67,0.24,0,41.02,4.19e-05,2096.5,3.321494867,0.00225,6.920177799,769.282284,302.1459028,38.3951196,0.566855459,30474,5.6,1.93,23.32,6.67,138.9,0.8,6639.57,680.7,1e-05,15345.792,5209.722,675.738,108.99,283.374,108.99,0,0,10899,0.298466798,-2.200196991,0.953859188,NA,-0.627808005,8/8/18
33,8,25.49159722,0,9,none,2.394403807,0.006405511,0.000527802,0.0004636,0,0.75,0,26.25,2.7e-05,1350,3.130333768,0.00118,6.274762021,577.8685779,298.6415972,38.84565373,0.116321333,3516,9.41,2.23,27.03,6.69,367.4,0.8,5224.5,873,4.75e-05,7137.137,3729.189,614.548,1243.063,935.789,307.274,0,0,30727.4,1.325254793,-1.181420441,0.734783909,NA,-0.735929961,8/8/18
34,8,26.65291667,100,9,none,2.454184796,0.008172548,0.001281756,0.0002712,0.82,0.22,0,12.85,1.39e-05,694.5,2.84167225,0.00224,6.915723449,602.2985448,299.8029167,38.69518083,0.266794229,8606,7.12,2.18,23.66,5.19,418.9,0.8,6931,1106,2.06e-05,3232.009,1803.912,184.491,437.312,184.491,122.994,61.497,0,18449.1,0.700906543,-1.502151914,0.821772747,NA,-0.387487454,8/8/18
35,8,29.22479167,300,9,none,2.749677431,0.005290951,6.95e-05,0.0004386,1.81,0.44,0,25.59,2.78e-05,1392,3.143639235,0.001,6.109247583,835.106504,302.3747917,38.36605562,0.595919444,20276,9.72,2.68,26.73,5.03,245.3,0.8,5408.4,703,5.24e-05,10125.096,1320.073,721.277,911.803,340.225,204.135,0,0,20413.5,1.904896768,-1.490749732,0.927359247,NA,-0.393961804,8/8/18
36,8,28.07375,200,9,none,2.360455442,0.007810109,3.57e-05,0.0002222,0.74,0.61,0,8.97,1.03e-05,516,2.712649702,0.00167,6.622071209,701.1882632,301.22375,38.51266069,0.449314375,23638,6.78,3.27,25.61,4.12,196.1,0.8,6150,640.4,1.78e-05,3018.704,1301.248,148.304,177.008,100.464,33.488,4.784,0,3827.2,1.299630871,-2.199415886,0.941831776,NA,-0.35219426,8/8/18
37,8,28.42958333,200,10,high,2.688380516,0.007823908,0.001731702,NA,1.13,0.91,0,17.69,1.97e-05,986.5,2.99409709,0.00257,7.053153482,742.0446757,301.5795833,38.46721965,0.494755409,8260,6.84,2.41,22.97,4.7,131.6,0.7,6344.6,617.5,1.83e-05,7653.912,1093.416,414.744,113.112,37.704,113.112,0,0,11311.2,1.626570879,-2.082444706,0.990742689,NA,-0.305716574,8/8/18
38,8,29.52041667,300,10,high,2.735172003,0.00886791,0.000129461,0.0005864,2.72,0,0,33.24,3.6e-05,1798,3.254789687,0.00602,7.904334842,803.3292943,302.6704167,38.32858263,0.633392433,8797,11.71,2.48,29.23,5.54,NA,0.8,6172.4,1558.2,1.63e-05,5368.64,5050.76,2048.56,1730.68,2048.56,1412.8,0,0,31280,1.427868602,-0.581720118,0.902293579,NA,-0.519617684,8/8/18
39,8,27.20930556,100,10,high,2.71399257,0.011704837,4.49e-05,0.0004768,1.52,1.03,0,38.29,4.08e-05,2042,3.310055738,0.00182,6.708084084,735.2352736,300.3593056,38.62350145,0.338473609,4376,6.87,2.11,17.09,4.04,171,0.8,2613,485.3,1.85e-05,13446.18,3993.108,1446.483,733.428,733.428,0,0,0,0,1.631682327,-1.416849923,0.87250299,NA,-0.596063168,8/8/18
40,8,26.50631944,0,10,high,2.464534429,0.007622641,0.000186561,0.0003678,0.22,0.35,0,23.56,2.41e-05,1206.5,3.081527326,0.00324,7.284820913,659.301801,299.6563194,38.71411121,0.247863855,28575,6.78,1.33,23.57,5.1,126.9,0.6,6856.6,666.9,1.78e-05,10459.21,1553.224,137.786,137.786,75.156,175.364,0,0,17536.4,0.412333936,-2.033891069,0.805750055,NA,-0.616992897,8/8/18
41,8,25.41013889,0,11,none,NA,0.004708198,0.000166552,0.0002716,0.11,0.89,0,12.01,1.3e-05,650.5,2.813247301,0.00153,6.534515318,539.1877969,298.5601389,38.85625227,0.105722791,11505,9.44,2.31,28.99,6.34,349,0.8,6483.6,1045,4.8e-05,4228.62,1005.899,480.525,172.989,262.687,217.838,0,0,21783.8,0.493506247,-1.323011021,0.69848565,NA,NA,8/8/18
42,8,26.89979167,100,11,none,2.301383662,0.00532616,0.000186712,0.0002772,0.5,0.12,1.52,7.65,9.79e-06,489.5,2.689752696,0.00339,7.330077504,669.4809539,300.0497917,38.66334321,0.298631854,3286,8.63,1.97,21.41,6.85,534.7,0.8,5141,1425.3,3.67e-05,3056.822,1017.356,114.096,114.096,337.534,114.096,0,0,11409.6,0.537010881,-1.364426741,0.842913865,NA,-0.388369034,8/8/18
43,8,29.625625,300,11,none,2.366507739,0.009908524,0.000564764,0.0001602,0.4,0.66,0,3.94,5e-06,250,2.397940009,0.00143,6.466922027,789.7104902,302.775625,38.31526423,0.646710831,4460,7.89,2.32,30.09,7,395.7,0.8,14260.8,1934.4,2.8e-05,1297.996,629.972,73.99,38.052,38.052,0,0,38.052,3805.2,0.861482054,-1.551093829,0.892804922,NA,-0.03143227,8/8/18
44,8,28.40340278,200,11,none,2.540723619,0.007976328,0.000412035,9.38e-05,0.59,1.22,0,2.85,4.66e-06,233,2.367355921,0.0036,7.390181428,803.3292943,301.5534028,38.47055933,0.491415726,9871,6.48,2.4,17.83,4.42,61,0.6,2965.9,291.2,1.55e-05,1342.48,159.856,24.832,24.832,0,0,0,0,0,2.448000101,-2.192129448,0.9886954,NA,0.173367698,8/8/18
45,8,27.36,100,12,low,2.50975585,0.005935845,0.000154271,0.0002318,0.95,0,0.46,7.71,9.12e-06,456,2.658964843,0.00045,5.310739887,628.7643424,300.51,38.60413322,0.357841839,9383,4.64,2.82,12.11,1.32,184.1,0.6,7530.4,1030,5.7e-06,3873.6,249.632,34.432,0,0,107.6,0,0,10760,1.205210514,-1.684722683,0.896552567,NA,-0.149208993,8/8/18
46,8,28.37034722,200,12,low,2.642846746,0.008518797,0.000194375,0.0003772,7.94,0.58,0,16.77,2.53e-05,1264.5,3.101918834,0.00139,6.43855133,751.1238784,301.5203472,38.47477685,0.487198213,61851,NA,NA,NA,NA,43.8,0.7,603.1,59.8,NA,5092.38,3671.874,89.34,8.934,0,0,0,0,0,1.456442163,-3.108657793,0.980901365,NA,-0.459072088,8/8/18
47,8,26.38958333,0,12,low,2.370808273,0.007804957,0.000142997,0.0001224,1.06,0.69,0,9.52,1.13e-05,563.5,2.75089392,0.0014,6.445719819,608.4060366,299.5395833,38.72919881,0.23277625,6793,5.83,2.79,23.7,5.98,284.6,0.8,6968.4,1147.6,1.13e-05,3717.828,858.351,213.318,71.106,71.106,71.106,71.106,0,14221.2,0.480359444,-1.714896423,0.805014922,NA,-0.380085647,8/8/18
48,8,29.82604167,300,12,low,2.649145693,0.014666797,3.22e-05,0.000381,0.31,0.94,0,12.99,1.42e-05,712,2.852479994,0.00602,7.904334842,837.3763047,302.9760417,38.28991893,0.672056127,11203,6.14,3.53,20.39,5.51,140,0.8,4441.4,600.6,1.32e-05,5134.389,1552.096,48.503,0,194.012,0,0,0,0,1.291825923,-1.843151528,0.856975964,NA,-0.203334301,8/8/18
1,10,22.85125,100,1,high,2.677720124,0.010772683,0.000130939,0.000253,2.037333333,0.866666667,0,20.122,2.42e-05,1151.3,3.061188505,3e-04,4.905274778,557.5102721,296.00125,39.19215907,-0.230184007,18605,4.78,1.54,22.96,3.58,134.1,0.6,6335.2,622.9,6.23e-06,8468.01,1672.164,289.413,53.595,85.752,53.595,0,0,5359.5,2.411191688,-2.278158682,NA,NA,-0.383468381,8/22/18
2,10,23.62902778,200,1,high,2.819036631,0.010840068,0.000620176,0.0005608,1.043333333,0.241333333,0,41.044,4.85e-05,2116.433333,3.325604593,0.0068,8.026170195,435.3604373,296.7790278,39.08944699,-0.12747193,33670,5.81,1.36,22,6.05,181.1,0.8,5572.4,562.1,1.12e-05,10101.271,9272.225,1941.713,152.719,305.438,43.634,0,0,4363.4,1.899624564,-2.233389793,NA,NA,-0.506567962,8/22/18
3,10,21.79631944,0,1,high,2.443708003,0.005629341,0.000220338,0.0002824,2.354666667,0.410666667,0,14.92666667,1.71e-05,884.6000002,2.946746935,0.0069,8.040768994,735.2352736,294.9463194,39.33233714,-0.370362079,30229,3.03,1.09,17.81,5,32.1,0.7,2957.4,180.4,1.59e-06,7323.446,389.207,127.088,63.544,39.715,0,0,0,0,2.890338695,-2.384287186,NA,NA,-0.503038932,8/22/18
4,10,24.58333333,300,1,high,2.823760019,0.001881859,0.000180643,0.0005974,1.676,0.104,0,34.78,4.18e-05,1828,3.261976191,0.0079,8.176110342,476.0770489,297.7333333,38.96415609,-0.002181034,17688,4.25,1.48,15.99,1.87,66,0.8,2141.4,165.2,4.38e-06,12514.345,5157.315,739.4,0,73.94,0,0,0,0,2.503749565,-2.28081264,NA,NA,-0.438216172,8/22/18
5,10,23.81166667,200,2,none,2.688109201,0.004480724,0.000496957,0.0004544,0.511333333,0.973333333,0,37.96,4.73e-05,1972.233333,3.294958295,9e-04,6.003887067,547.3311192,296.9616667,39.065406,-0.103430937,2419,2.84,1.54,4.73,0.79,13.2,0.9,55.4,11.6,1.31e-06,18910.008,1313.195,0,0,0,0,0,0,0,2.379055017,NA,NA,NA,-0.606849094,8/22/18
6,10,24.68777778,300,2,none,2.635761255,0.010229192,0.001539632,0.0001174,0.705333333,0.672666667,0,4.756666667,9.24e-06,306.7333334,2.486760974,0.0024,6.98471632,506.6145076,297.8377778,38.95049231,0.011482746,12237,3.37,1.4,11.55,2.87,27,0.76,805.8,93.2,2.18e-06,2306.104,196.427,15.306,33.163,0,0,0,0,0,3.817153423,-2.493471979,NA,NA,0.149000281,8/22/18
7,10,22.89479167,100,2,none,2.671560491,0.005641907,5.85e-05,0.0002692,1.131333333,0.037333333,0,31.33466667,3.48e-05,1625.166667,3.210897906,0.0015,6.514712691,649.1226481,296.0447917,39.18639476,-0.224419704,9767,5.11,1.34,15.68,3.65,76.7,0.7,2019.4,120,7.61e-06,11321.32,4794.912,349.629,0,133.192,0,0,0,0,1.485696563,-2.121763814,NA,NA,-0.539337415,8/22/18
8,10,22.09326389,0,2,none,2.517706797,0.007846536,0.000375049,0.00027,0.074666667,0.061333333,4.350666667,17.39133333,1.87e-05,1093.9,3.038977622,0.0025,7.025538315,618.5851895,295.2432639,39.29277817,-0.33080311,5398,5.56,1.36,22.49,5.58,259.3,0.8,5952.6,1012.7,9.81e-06,8276.8,1780.8,492.8,168,324.8,168,0,0,16800,1.847394638,-1.677176997,NA,NA,-0.521270825,8/22/18
9,10,21.84993056,0,3,low,2.289054784,0.002399713,0.000209978,0.000104,0.407333333,0.046666667,1.672666667,3.664666667,9.5e-06,289.5666667,2.461748567,0.0018,6.697034248,723.8862701,294.9999306,39.32518917,-0.363214109,6798,3.81,1.4,15.73,4.79,57.1,0.8,2039.4,226.4,3.16e-06,2084.39,560.349,32.484,32.484,0,0,0,0,0,4.904943521,-2.325891704,NA,NA,-0.172693783,8/22/18
10,10,22.99569444,100,3,low,2.50179797,0.007707072,0.000300786,0.000172,1.118,0.166,0,15.934,1.59e-05,860.9,2.934952708,0.0027,7.102499356,608.4060366,296.1456944,39.17304317,-0.211068114,5939,9.33,2.72,19.75,3.21,178,0.7,4035.9,671.9,4.63e-05,7351.092,448.857,220.194,110.097,220.194,110.097,0,0,11009.7,1.49297738,-1.690347037,NA,NA,-0.433154738,8/22/18
11,10,25.03176136,300,3,low,2.828040313,0.015249632,0.00068919,0.000109,0.768,0.502666667,0,22.00866667,2.48e-05,1163.966667,3.065940543,0.0028,7.138867,404.8229786,298.1817614,38.90555888,0.056416178,8283,4.17,1.22,21.69,6.24,153.3,0.7,5345.5,679.8,4.14e-06,8945.676,1990.53,444.942,105.381,105.381,105.381,0,0,10538.1,1.611685185,-2.063858761,NA,NA,-0.23790023,8/22/18
12,10,23.93313763,200,3,low,2.870788168,0.012709349,0.000298271,0.0001446,1.942666667,0.082666667,0,38.682,4.51e-05,2035.366667,3.308642658,0.0024,6.98471632,476.0770489,297.0831376,39.04943299,-0.087457926,23469,4.38,1.14,20.85,1.94,56.2,0.8,4746.1,254.1,4.79e-06,14246.001,6002.644,164.456,246.684,102.785,0,0,0,0,1.704793454,-2.395630903,NA,NA,-0.43785449,8/22/18
13,10,24.56020833,300,4,none,2.943524854,0.004726553,0.001054999,0.00057,1.501333333,0.396666667,0,29.67266667,4.02e-05,1578.533334,3.198253757,0.0021,6.851184927,486.2562018,297.7102083,38.96718268,-0.005207621,21686,5.04,1.14,23.31,6.82,164.4,0.6,6631.6,749.8,7.31e-06,11001.448,3756.592,631.36,63.136,220.976,110.488,0,0,11048.8,1.862787615,-2.129183503,NA,NA,-0.254728903,8/22/18
14,10,21.22145833,0,4,none,2.541104586,0.007655329,0.000666726,0.0001446,0,1.042666667,0.494666667,17.538,1.54e-05,953.7666667,2.97944214,0.0015,6.514712691,638.9434952,294.3714583,39.409147,-0.447171941,6564,4.33,1.98,10.54,2.28,31.1,0.8,612.6,96.3,4.63e-06,8544.224,679.328,344.448,0,0,0,0,0,0,1.513855821,-2.045128244,NA,NA,-0.438337554,8/22/18
15,10,23.6525,200,4,none,2.74654237,0.009166218,0.000314252,0.0006296,1.426666667,0.442666667,0,33.51933333,4.92e-05,1769.433333,3.247834204,0.0011,6.204557763,547.3311192,296.8025,39.08635565,-0.124380594,NA,NA,NA,NA,NA,NA,NA,NA,NA,NA,NA,NA,NA,NA,NA,NA,NA,NA,0,1.404672929,NA,NA,NA,-0.501291834,8/22/18
16,10,22.34333333,100,4,none,2.414490307,0.004611652,0.000406703,0.0001426,0,0.676,1.230666667,15.356,1.64e-05,863.1333334,2.936077889,0.001,6.109247583,649.1226481,295.4933333,39.25952557,-0.297550505,13674,3.68,0.97,17.62,2.53,89.6,0.8,2864.19,353.9,2.84e-06,6540.268,1842.452,96.052,148.444,52.392,52.392,0,0,5239.2,1.40097961,-2.194645344,NA,NA,-0.521587582,8/22/18
17,10,21.66861111,0,5,low,2.272757461,0.015259565,0.000194714,7.34e-05,0.320666667,0,0.342666667,10.28066667,9.01e-06,547.2000002,2.738146089,7e-04,5.752572639,780.6312874,294.8186111,39.34937496,-0.387399901,23972,3.49,1.05,23.08,3.21,155.7,0.6,6436.1,692,2.43e-06,4311.552,937.538,145.964,129.122,16.842,56.14,16.842,0,7298.2,1.367521056,-2.187594914,NA,NA,-0.465388628,8/22/18
18,10,22.56625,100,5,low,2.280518985,0.015238411,0.0005603,8.48e-05,0.502666667,0.082666667,2.071333333,10.03133333,1.11e-05,634.3999999,2.802363174,0.0016,6.579251212,638.9434952,295.71625,39.22993097,-0.26795591,22875,5.6,1.42,24.97,5.65,278,0.8,11065,1088.2,1e-05,3946.32,1440.72,319.464,194.184,150.336,106.488,43.848,0,15033.6,1.734985909,-1.700740939,NA,NA,-0.521844189,8/22/18
19,10,24.77097222,300,5,low,2.88090946,0.006267468,0.000450046,NA,3.240666667,0.113333333,0,40.72733333,4.78e-05,2204.066667,3.343224727,0.0014,6.445719819,506.6145076,297.9209722,38.93961539,0.022359673,95519,3.96,1.18,23.55,2.02,68.5,0.8,6842.03,366.5,3.54e-06,15497.82,5822.505,129.87,21.645,108.225,21.645,0,0,2164.5,1.485359552,-2.924015675,NA,NA,-0.462315267,8/22/18
20,10,23.78729167,200,5,low,2.637638073,0.004950581,0.000671821,0.000261,3.319333333,0.598,2.366666667,14.97066667,1.85e-05,1062.733334,3.026424303,0.0024,6.98471632,465.897896,296.9372917,39.0686128,-0.10663774,18096,3.97,1.33,19.25,6.38,37,0.8,3719.7,247.2,3.57e-06,7981.437,976.212,0,36.156,36.156,0,0,0,0,1.164065456,-2.634211813,NA,NA,-0.38878623,8/22/18
21,10,23.19083333,100,6,high,2.596228928,0.015596167,0.000125558,7.6e-05,0.849333333,0.400666667,0,22.22266667,2.5e-05,1173.633334,3.069532436,5e-04,5.416100402,557.5102721,296.3408333,39.14724793,-0.18527287,40423,3.64,0.88,21.91,6.66,68.8,0.8,5504.86,327.6,2.75e-06,8036.92,3392.053,248.199,23.638,47.276,23.638,0,0,2363.8,2.954286859,-2.70382234,NA,NA,-0.473303508,8/22/18
22,10,24.27506944,200,6,high,2.61274774,0.004459263,0.000503102,0.0002564,0.639333333,0.018666667,0,25.338,2.41e-05,1299.8,3.113876533,0.0021,6.851184927,516.7936605,297.4250694,39.00454019,-0.042565129,33799,5.1,0.99,21.58,6.75,101.5,0.8,5261.3,482.8,7.57e-06,8506.088,4428.011,215.344,67.295,161.508,0,0,0,0,1.800272983,-2.237719253,NA,NA,-0.501128793,8/22/18
23,10,21.84368056,0,6,high,2.465020757,0.014407789,0.001743659,0.0003626,0.13,0.792,0.14,20.926,2.39e-05,1099.4,3.041155733,0.0015,6.514712691,659.301801,294.9936806,39.32602235,-0.364047288,20805,4.72,1.2,21.46,3.02,113.4,0.8,5173.2,542.4,6e-06,8045.19,2610.765,380.97,0,123.255,44.82,0,0,4482,1.606833497,-2.154081527,NA,NA,-0.576134976,8/22/18
24,10,25.71395833,300,6,high,2.762180484,0.011184348,NA,9.74e-05,1.174,0.14,0,14.29733333,1.39e-05,780.5666665,2.892410001,0.0026,7.064759028,358.8336946,298.8639583,38.81675174,0.145223321,65284,4.2,1.45,19.82,6.33,60.9,0.8,4074.9,279.5,4.23e-06,5424.972,1998.274,98.774,7.598,37.99,0,0,0,0,1.114851682,-2.824938766,NA,NA,-0.130229517,8/22/18
25,10,24.19243056,200,7,low,2.793299296,0.024208511,0.000224461,0.0001782,1.912,0.366666667,0,23.14533333,2.72e-05,1271.2,3.104213884,0.0012,6.29156914,516.7936605,297.3424306,39.01538052,-0.053405464,34234,4.22,1.22,20.99,6.79,87.3,0.8,4840.2,398.3,4.29e-06,7718.37,4259.26,196.96,24.62,86.17,24.62,0,0,2462,5.634231631,-2.602992587,NA,NA,-0.310914588,8/22/18
26,10,25.19034722,300,7,low,2.915265225,0.015425725,0.001544434,0.0002046,1.773333333,1.176666667,0,23.108,2.8e-05,1302.9,3.114911084,0.0011,6.204557763,350.2900352,298.3403472,38.88487824,0.077096825,17737,4.88,2.98,19.51,6.28,59.8,0.8,3887.93,343.2,6.63e-06,9925.89,2118.18,110.835,49.26,110.835,0,0,0,0,1.851702113,-2.456689536,NA,NA,-0.199645859,8/22/18
27,10,23.41326389,100,7,low,2.729728101,0.014318177,0.000728238,0.0003274,1.979333333,0.308666667,0,26.206,3.2e-05,1424.7,3.153723424,4e-04,5.192956851,557.5102721,296.5632639,39.11788642,-0.155911363,45554,5.08,1.84,21.87,6.97,137.6,0.8,5479.4,530.1,7.48e-06,7302.464,5880.992,334.464,195.104,97.552,41.808,0,0,4180.8,1.578329429,-2.260013072,NA,NA,-0.423995323,8/22/18
28,10,22.31770833,0,7,low,2.373430974,0.01430301,0.000420141,0.0001132,0.734,0.056,0,14.51933333,8.55e-06,765.4666665,2.883926283,0.0025,7.025538315,659.301801,295.4677083,39.26293042,-0.300955362,29415,3.62,1.4,22.07,6.12,87.2,0.8,5629.58,576.7,2.71e-06,7091.36,470.188,0,0,100.204,23.124,0,0,2312.4,1.168819972,-2.174091773,NA,NA,-0.510495309,8/22/18
29,10,22.32243056,100,8,high,2.242941183,0.013540013,0.000573334,0.0002612,1.462666667,0.095333333,0,32.62133333,3.81e-05,1708.966667,3.232733592,0.0013,6.371611847,659.301801,295.4724306,39.26230292,-0.300327863,48335,3.88,1.13,12.53,1.52,35.8,0.8,722.3,67.4,3.33e-06,12274.596,4698.327,312.066,0,0,0,0,0,0,3.227468424,-2.05777011,NA,NA,-0.989792409,8/22/18
30,10,23.66631944,200,8,high,2.477049194,0.009953483,0.000765596,0.000298,1.162666667,0.109333333,0,40.98133333,4.35e-05,2112.666667,3.32483098,0.00221,6.902240098,598.2268837,296.8163194,39.08453584,-0.122560777,29819,4.44,1.45,19.37,2.44,69.3,0.8,3803.5,231.7,4.99e-06,11431.875,9210.825,1023.425,65.325,65.325,0,0,0,0,6.925700411,-2.569611612,NA,NA,-0.847781786,8/22/18
31,10,21.25902778,0,8,high,2.255642012,0.018008387,0.000620011,0.0001398,0.164,0.434666667,0,18.52866667,1.6e-05,956.3666669,2.980624431,6e-04,5.598421959,780.6312874,294.4090278,39.40411801,-0.442142951,27738,3.58,1.25,22.77,1.93,52.6,0.8,6178.6,347.8,2.62e-06,7439.015,2197.219,88.677,29.559,29.559,29.559,0,0,2955.9,5.668671493,-2.645189718,NA,NA,-0.724982419,8/22/18
32,10,24.93423611,300,8,high,2.671336075,0.012443337,0.000277982,0.0001016,0.596,0.591333333,0,29.60466667,2.97e-05,1539.6,3.187407902,0.0023,6.942156706,496.4353547,298.0842361,38.91828775,0.043687312,40606,4.34,1.19,20.06,5.51,72.5,0.8,4226.7,279.5,4.66e-06,8501.76,6518.016,582.528,94.464,62.976,0,0,0,0,2.526329143,-2.387160992,NA,NA,-0.516071827,8/22/18
33,10,21.36347222,0,9,none,2.357809574,0.010767157,0.000215649,0.000332,0.496666667,0.237333333,0.061333333,17.21866667,1.89e-05,900.7000002,2.954580163,3e-04,4.905274778,746.584277,294.5134722,39.39014398,-0.428168918,15237,4.92,1.57,22.67,4.79,251.2,0.8,6102.4,810.6,6.8e-06,6969.897,1175.424,284.673,284.673,394.869,73.464,0,0,7346.4,1.709441947,-1.666994051,NA,NA,-0.596770589,8/22/18
34,10,22.60923611,100,9,none,2.564357597,0.006739674,0.00103519,0.0001632,0.042666667,0.08,4.368,20.188,2.14e-05,1233.933333,3.091291696,4e-04,5.192956851,573.0389176,295.7592361,39.22422923,-0.26225417,11017,3.68,0.43,21.33,3.62,128.8,0.8,5078.3,676.2,2.84e-06,10446.339,1713.555,88.851,0,177.702,177.702,0,0,17770.2,4.337526428,-1.85318955,NA,NA,-0.526934099,8/22/18
35,10,25.18395833,300,9,none,2.901294847,0.011935271,0.000145955,0.0006276,3.110666667,0.601333333,0,33.418,4e-05,1856.5,3.268694954,0.0011,6.204557763,465.897896,298.3339583,38.88571096,0.076264097,53026,3.32,1.81,25.14,8.7,41.2,0.8,8322.58,367.7,2.09e-06,15358.464,2186.448,124.432,35.552,53.328,35.552,0,0,3555.2,1.212383353,-2.770618544,NA,NA,-0.367400107,8/22/18
36,10,23.985,200,9,none,2.571021325,0.010146105,0.000685359,0.0002308,0.790666667,0.022666667,0.615333333,17.19866667,1.78e-05,931.3666669,2.969120691,0.0023,6.942156706,598.2268837,297.135,39.04261724,-0.080642182,11345,3.99,1.34,20.14,3.88,83.7,0.7,4275.9,522.3,3.62e-06,8566.74,649.566,0,0,197.694,0,0,0,0,2.873591763,-1.714620299,NA,NA,-0.398099366,8/22/18
37,10,24.24756944,200,10,high,2.64166081,0.015557842,0.001076046,0.0002288,1.498,0.375333333,0,24.53933333,2.81e-05,1320.633333,3.120782255,0.0024,6.98471632,537.1519663,297.3975694,39.00814689,-0.046171832,17682,4.37,1.38,19.48,2.75,77.9,0.8,3868.1,319.7,4.76e-06,9004.5,3171.15,574.2,117.45,52.2,52.2,0,0,5220,0.8827166,-2.375753708,NA,NA,-0.479121445,8/22/18
38,10,25.16923611,300,10,high,2.829947745,0.008553727,0.000280875,0.00019,5.050666667,0.108,0,23.336,2.5e-05,1424.733333,3.153733585,0.0021,6.851184927,455.7187431,298.3192361,38.88763,0.074345065,73602,3.82,2.4,18.9,1.68,35.2,0.8,3533.6,213.5,3.18e-06,10330.033,1922.155,74.406,37.203,24.802,0,0,0,0,1.529639495,-2.959272278,NA,NA,-0.32378584,8/22/18
39,10,23.26770833,100,10,high,2.702582773,0.011112094,0.000341809,0.0001926,3.33,0.025333333,0,28.20933333,2.38e-05,1578.233333,3.198171212,0.0023,6.942156706,588.0477308,296.4177083,39.13709521,-0.175120154,76924,2.86,1.33,20.8,1.87,39.8,0.6,4709.2,314,1.33e-06,13063.432,1767.758,29.962,0,59.924,29.962,0,0,2996.2,2.888775367,-2.654084983,NA,NA,-0.495588439,8/22/18
40,10,22.00611111,0,10,high,2.463616881,0.006913537,0.000497697,0.0002172,0.274666667,1.013333333,0,17.96466667,1.72e-05,962.6333335,2.983460896,6e-04,5.598421959,638.9434952,295.1561111,39.30438042,-0.342405359,26827,4,1.14,25.66,2.78,100.2,0.8,8843.5,647.4,3.65e-06,7083.28,2201.56,143.58,28.716,57.432,28.716,0,28.716,5743.2,1.667708853,-2.338842253,NA,NA,-0.519844015,8/22/18
41,10,21.301875,0,11,none,2.457514849,0.007762815,0.000187352,0.000217,0.02,0.230666667,2.374666667,17.80733333,2.32e-05,1021.633333,3.009295054,3e-04,4.905274778,757.9332805,294.451875,39.39838411,-0.436409053,6720,4.48,1.27,28.12,4.88,341.5,0.8,11646.9,1493.9,5.13e-06,8210.66,1591.54,126.48,0,242.42,242.42,0,126.48,36890,3.695492258,-1.517451981,NA,NA,-0.551780205,8/22/18
42,10,22.75944444,100,11,none,2.478306433,0.012666017,0.000115816,0.000361,0.528666667,0.234666667,0,20.10733333,1.91e-05,1043.533333,3.018506326,7e-04,5.752572639,638.9434952,295.9094444,39.20431839,-0.242343329,21281,2.82,1.54,21.57,2.17,38.8,0.6,5255.4,374.3,1.28e-06,10174.024,352.671,42.748,0,74.809,0,0,0,0,2.033625422,-2.464851893,NA,NA,-0.540199893,8/22/18
43,10,25.35048611,300,11,none,2.611001661,0.012985678,0.000581839,0.0001888,0.746666667,0.434666667,0,4.782666667,7.26e-06,298.2000001,2.474507639,0.0029,7.17395832,476.0770489,298.5004861,38.86401736,0.0979577,3985,4.56,2.07,10.46,2.48,50.1,0.8,598.4,117.5,5.41e-06,2003.904,452.412,99.684,0,0,0,0,0,0,2.430961263,-1.781911343,NA,NA,0.136494022,8/22/18
44,10,24.09958333,200,11,none,2.39131097,0.014649183,0.000648211,4.78e-05,0.621333333,0.407333333,0.14,0.664,2e-06,91.6333333,1.962053485,0.0025,7.025538315,465.897896,297.2495833,39.02756715,-0.065592091,19475,2.65,1.15,21.5,1.86,29.3,0.8,5202.5,329.6,1.06e-06,389.532,37.752,0,0,0,1.716,0,0,171.6,3.084494852,-2.20103807,NA,NA,0.429257485,8/22/18
45,10,23.0025,100,12,low,2.416993231,0.013540868,0.001173813,8.74e-05,0.216666667,0.648666667,0.199333333,8.656,6.59e-06,486.0333334,2.686666055,0.0017,6.639875834,638.9434952,296.1525,39.17214298,-0.210167921,7423,4.74,2.68,18.39,6.04,71.4,0.8,3254.67,342.9,6.08e-06,3514.635,1039.805,98.805,0,51.755,0,0,0,0,1.864513215,-2.032127191,NA,NA,-0.269672824,8/22/18
46,10,23.91805556,200,12,low,2.901184499,0.004310978,0.000236866,0.000143,7.998666667,1.06,0,14.066,2.32e-05,1156.233333,3.063045486,0.0021,6.851184927,506.6145076,297.0680556,39.05141552,-0.089440456,25277,6.4,2,21.9,6.31,59.2,0.8,5498.87,395.3,1.5e-05,6573,728.664,142.728,22.536,22.536,22.536,0,0,2253.6,3.973203369,-2.593350287,NA,NA,-0.161860987,8/22/18
47,10,21.93097222,0,12,low,2.203402123,0.008201115,0.000260424,0.0001468,0.033333333,1.117333333,0,14.13533333,9.4e-06,764.2999998,2.883263859,0.0011,6.204557763,679.6601068,295.0809722,39.31438882,-0.352413756,10953,5.64,1.17,20.98,4.79,225.8,0.8,4833.1,694.1,1.02e-05,5547.232,911.977,429.609,218.573,376.85,52.759,0,0,5275.9,1.581740759,-1.646275356,NA,NA,-0.679861736,8/22/18
48,10,25.20486111,300,12,low,2.666604045,0.02398013,0.000669428,0.000261,0.459333333,1.294666667,0,11.07133333,1.68e-05,641.2666665,2.807038666,0.0024,6.98471632,404.8229786,298.3548611,38.88298663,0.078988435,36706,4.41,2.36,19.09,6.38,33.7,0.8,3641.8,219.3,4.89e-06,4899.975,959.85,23.7,11.85,23.7,0,0,0,0,2.195247911,-2.873557789,NA,NA,-0.140434621,8/22/18
1,12,20.64375,100,1,high,2.617527686,0.017610817,5.74e-05,0.0003686,2.73,0.08,0,29.29,3.21e-05,1605,3.205475037,0.00052,5.455321115,435.3604373,293.79375,39.48664011,-0.524665054,52404,4.79,1.12,21.32,2.7,79.59,0.6,5071.03,315.6,6.27e-06,10412.316,4638.072,373.536,31.128,124.512,0,0,0,0,1.376766471,-2.507342736,0.606220286,NA,-0.587947351,9/5/18
2,12,21.61208333,200,1,high,2.760268902,0.011833455,0.000539727,0.000528,0,0.84,0,64.04,6.49e-05,3244,3.511080846,0.00046,5.332718793,394.6438257,294.7620833,39.35692116,-0.394946098,78127,4.79,1.12,21.32,2.7,172.77,0.8,5888.1,577.8,6.27e-06,12085.62,19745.52,1497.936,170.22,510.66,34.044,0,0,3404.4,0.443208169,-2.3534793,0.328076852,NA,-0.750811944,9/5/18
3,12,19.55416667,0,1,high,2.394646103,0.013624457,0.00021285,0.0002934,0.85,0.49,0,19.16,2.05e-05,1025,3.010723865,0.00093,6.03667689,394.6438257,292.7041667,39.63362806,-0.671653002,27411,3.95,1.2,22.15,6.82,50.8,0.8,3659.9,269.7,3.52e-06,8206.17,1783.95,142.716,0,61.164,0,0,0,0,0.751901362,-2.343573487,0.131561112,NA,-0.616077762,9/5/18
4,12,22.52055556,300,1,high,2.704602113,0.025227009,0.000261896,0.0002306,0.12,1.04,0,40.11,4.13e-05,2063.5,3.314604473,0.00216,6.879355804,679.6601068,295.6705556,39.23599376,-0.274018704,103684,4.41,1.32,22.14,2.22,78.4,0.8,5679.44,331.11,4.89e-06,12930.828,7831.046,341.408,106.69,128.028,0,0,0,0,1.392090436,-2.417550319,0.43404375,NA,-0.61000236,9/5/18
5,12,21.62368056,200,2,none,2.603227846,0.013594201,0.000600743,0.0001496,0.22,1.42,0,27.89,2.95e-05,1476.5,3.169233451,0.00047,5.354224998,476.0770489,294.7736806,39.35537275,-0.393397686,NA,NA,NA,NA,NA,NA,NA,NA,NA,NA,NA,NA,NA,NA,NA,NA,NA,NA,0,0.653077157,NA,NA,NA,-0.566005605,9/5/18
6,12,22.47118056,300,2,none,2.482549819,0.016318589,0.000357495,9.4e-05,0,0,2.36,24.65,2.7e-05,1350.5,3.130494589,0.00091,6.014936903,425.1812844,295.6211806,39.24254701,-0.280571946,13201,4.06,2.56,19.16,2.19,69.3,0.8,3683.26,362.6,3.82e-06,11893.56,1670.762,339.816,169.908,84.954,0,0,0,0,1.88206595,-2.264970845,0.413541056,NA,-0.64794477,9/5/18
7,12,20.7275,100,2,none,2.66594678,0.011767752,5.71e-05,0.0005112,0,0.71,0,10,1.07e-05,535.5,2.728759475,0.00059,5.581614841,577.8685779,293.8775,39.47538711,-0.513412046,75303,4.49,0.86,19.7,2.67,89.5,0.8,4002.41,259,5.17e-06,2944.368,2032.254,298.704,37.338,16.002,0,0,0,0,2.262470025,-2.407043537,0.356001672,NA,-0.062812695,9/5/18
8,12,20.22166667,0,2,none,2.405687967,0.013532872,0.000149648,8.38e-05,0.04,0.72,0,8.52,9.28e-06,464,2.666517981,0.00207,6.83679619,588.0477308,293.3716667,39.54345082,-0.581475764,60166,2.64,1.09,19.8,6.36,27.4,0.8,4066.8,183.5,1.05e-06,4070.46,409.32,45.48,18.192,4.548,0,0,0,0,0.309511766,-3.014896045,0.342160461,NA,-0.260830014,9/5/18
9,12,19.75534722,0,3,low,2.28438013,0.018579472,7.02e-05,7.72e-05,0.79,0,0,52.6,5.34e-05,2669.5,3.426429925,9e-04,6.003887067,669.4809539,292.9053472,39.60640591,-0.644430846,9755,3.65,1.42,26.43,3.75,184.1,0.8,9665.33,987,2.77e-06,22353.6,3576.576,894.144,223.536,447.072,0,223.536,0,22353.6,0.519372291,-1.907981419,0.219795466,NA,-1.142049795,9/5/18
10,12,20.70416667,100,3,low,2.432685893,0.034821145,0.000228985,0.0002036,0.62,0,0.83,4.14,5.59e-06,279.5,2.446381812,0.00059,5.581614841,537.1519663,293.8541667,39.47852163,-0.516546567,31099,2.73,0.34,19.53,1.82,33.7,0.8,3902.5,205.2,1.16e-06,2154.438,388.674,25.74,0,7.722,0,0,0,0,2.134012006,-2.646569934,0.312545288,NA,-0.013695919,9/5/18
11,12,23.10583333,300,3,low,2.776541428,0.02148773,0.000396655,0.000297,0.22,0.35,0,45.42,4.6e-05,2299.5,3.361633414,0.00117,6.266251332,307.5717383,296.2558333,39.15847983,-0.19650477,49056,3.31,1.23,22.11,2.31,51.3,0.8,5661.29,286.2,2.07e-06,17162.118,6275.88,434.484,193.104,48.276,48.276,0,0,4827.6,1.497849725,-2.691922439,0.451930641,NA,-0.585091986,9/5/18
12,12,21.79632576,200,3,low,2.730397471,0.023768267,8.11e-05,0.0002926,1.63,0.86,0,36.58,3.91e-05,1953.5,3.290813416,0.0057,7.849713758,394.6438257,294.9463258,39.3323363,-0.370361236,99983,3.98,1.18,19.03,1.96,56,0.8,3608.17,230.1,3.6e-06,11227.843,7783.6,330.803,0,77.836,19.459,0,0,1945.9,4.052860056,-2.706159638,0.299765534,NA,-0.560415945,9/5/18
13,12,22.41590278,300,4,none,2.725651869,0.015794106,NA,0.0002856,1.76,0.71,0,31.44,3.39e-05,1695.5,3.229297794,9e-04,6.003887067,394.6438257,295.5659028,39.24988629,-0.287911226,74361,4.49,1.12,20.84,2.31,93.4,0.8,4741.87,349.1,5.17e-06,8261.656,7743.212,501.72,66.896,100.344,33.448,0,0,3344.8,0.608810977,-2.493074512,0.287595811,NA,-0.503645925,9/5/18
14,12,18.74986111,0,4,none,2.348610327,0.013473222,0.000111545,0.0002408,0.31,1.43,0,12.78,1.45e-05,726,2.860936621,0.00011,3.90197267,618.5851895,291.8998611,39.7428352,-0.780860137,25325,3.48,1.27,15.23,1.48,21,0.8,1849.86,114.9,2.4e-06,6368.356,403.147,40.998,20.499,0,0,0,0,0,1.343962885,-3.033826056,0.238645013,NA,-0.512326294,9/5/18
15,12,21.43444444,200,4,none,2.770063273,0.013352371,0.00036426,NA,0,1.48,0,64.58,6.61e-05,3303,3.518908574,0.00066,5.693732139,455.7187431,294.5844444,39.38065398,-0.418678919,NA,NA,NA,NA,NA,NA,NA,NA,NA,NA,NA,NA,NA,NA,NA,NA,NA,NA,0,0.51972091,NA,0.413012631,NA,-0.748845301,9/5/18
16,12,20.23208333,100,4,none,NA,0.012490575,0.00041572,0.0001376,0,0.36,10.22,30.49,4.11e-05,2053.5,3.312494707,0.00036,5.087596335,567.689425,293.3820833,39.54204682,-0.580071756,21594,3.49,0.86,20.54,2.32,56.9,0.8,4540.29,351,2.43e-06,16300.494,4080.328,228.998,83.272,145.726,0,0,0,0,0.429309429,-2.507768427,0.200753323,NA,NA,9/5/18
17,12,19.47333333,0,5,low,2.420513578,0.016484001,0.000130519,0.0001952,3.52,0.15,0,36.61,4.03e-05,2014,3.304059466,0.00049,5.395897695,712.5372667,292.6233333,39.64457633,-0.68260127,9845,3.97,1.14,14.28,3.5,63.8,0.8,1526.2,181.1,3.57e-06,12820.845,5719.77,622.56,311.28,0,0,0,0,0,0.813092425,-1.939248589,0.129010432,NA,-0.883545888,9/5/18
18,12,20.41347222,100,5,low,2.363919304,0.020922725,6.1e-05,0.0001554,0.57,0,1.89,18.61,2.11e-05,1053.5,3.02263454,0.00044,5.288267031,557.5102721,293.5634722,39.51761432,-0.555639262,27184,3.91,1.36,23.36,2.73,69.5,0.8,6678,468.5,3.41e-06,9010.021,1449.765,150.346,64.434,32.217,32.217,0,0,3221.7,0.647742708,-2.56113658,0.21989528,NA,-0.658715236,9/5/18
19,12,22.61680556,300,5,low,2.625245535,0.015136158,0.000392764,0.0003334,0,0,2.49,28.1,3.06e-05,1529.5,3.184549481,0.00132,6.386879319,404.8229786,295.7668056,39.22322538,-0.261250319,118153,3.89,1.33,20.95,2.16,76.4,0.8,4813.1,322.3,3.36e-06,10239.9,5457,144.45,32.1,96.3,32.1,0,0,3210,1.321986595,-2.650011714,0.412230514,NA,-0.559303946,9/5/18
20,12,21.63020833,200,5,low,2.6467349,0.022916033,8.25e-05,0.0004274,0.76,0.7,0,9.21,1.07e-05,533.5,2.727134424,0.00014,4.143134726,375.9210134,294.7802083,39.35450124,-0.39252618,35794,4.21,1.74,23.16,6.78,97.5,0.8,6507,465.8,4.26e-06,3479.82,1263.155,108.13,34.405,63.895,9.83,0,0,983,1.642017965,-2.379806536,0.342783563,NA,-0.080399524,9/5/18
21,12,20.854375,100,6,high,2.546727793,0.019003659,0.000249136,0.0001594,0,1.4,0,25.45,2.69e-05,1342.5,3.127914294,0.00057,5.547128665,445.5395902,294.004375,39.45835185,-0.49637679,46220,4.29,1.57,19.57,1.88,50.3,0.8,3922.4,208.5,4.51e-06,8408.44,4828.072,257.678,40.686,27.124,0,0,0,0,1.807705201,-2.809337038,0.22690087,NA,-0.581186501,9/5/18
22,12,22.19208333,200,6,high,2.540750062,0.015808785,0.000319864,0.0001946,0.51,0.55,0,22.37,2.34e-05,1171.5,3.068742293,0.0011,6.204557763,425.1812844,295.3420833,39.27963108,-0.317656015,37100,4.64,2.1,22.67,6.69,109,0.8,6100.9,508.7,5.7e-06,6771.1,4617.2,238,47.6,178.5,0,0,0,0,0.398757137,-2.167792091,NA,NA,-0.527992231,9/5/18
23,12,19.61694444,0,6,high,2.459534255,0.02899136,0.000297409,0.0002408,0,0.5,1.1,24.54,2.62e-05,1307,3.116275588,0.00056,5.529429088,628.7643424,292.7669444,39.62512946,-0.663154397,44127,3.36,1.25,21.73,2.16,56.5,0.8,5370.7,323.5,2.16e-06,9388.071,3915.083,149.017,54.188,27.094,27.094,0,0,2709.4,1.183453644,-2.773571205,0.139309274,NA,-0.656741333,9/5/18
24,12,23.83263889,300,6,high,2.760544503,0.023176199,0.000474186,0.0001744,0.64,0.33,0,28.16,2.91e-05,1456.5,3.163310489,0.00125,6.332391134,333.2027165,296.9826389,39.06264729,-0.10067223,41050,4.43,2.08,18.83,1.96,54.9,0.8,3497.8,231.5,4.96e-06,8906.555,5793.003,149.69,59.876,59.876,0,0,0,0,0.568316497,-2.603858355,0.565993431,NA,-0.402765986,9/5/18
25,12,21.94708333,200,7,low,2.644201973,0.039600517,0.000450202,0.0002952,1.14,0,0,33.7,3.48e-05,1742,3.241048151,0.00028,4.836281907,435.3604373,295.0970833,39.31224241,-0.350267349,45535,4.67,1.47,14.88,1.79,64.3,0.8,1724.3,120.1,5.81e-06,7698.29,9327.463,644.508,125.321,35.806,0,0,0,0,1.653814236,-2.465127108,0.271015121,NA,-0.596846178,9/5/18
26,12,23.38263889,300,7,low,2.857015363,0.02406139,0.001026102,0.0002834,0.64,0.21,0,27.63,2.85e-05,1424,3.153509989,0.00305,7.224389173,256.3097819,296.5326389,39.1219264,-0.159951341,21801,3.64,0.34,23.44,2.57,80.8,0.8,6745.4,502.5,2.75e-06,9691.44,4625.46,161.524,0,102.788,58.736,0,0,5873.6,0.652949655,-2.28434221,0.464346696,NA,-0.296494626,9/5/18
27,12,21.24541667,100,7,low,NA,0.014409249,5.14e-05,0.000476,2.21,0.32,0,32.14,3.47e-05,1733.5,3.238923846,0.00157,6.560323202,486.2562018,294.3954167,39.40593983,-0.443964765,54498,4.61,1.29,20.76,2.82,124.7,0.6,4688,471.5,5.59e-06,8901.285,7346.55,512.55,102.51,205.02,0,0,0,0,1.203113647,-2.088727425,0.336858061,NA,NA,9/5/18
28,12,20.23506944,0,7,low,2.483106634,0.008366123,0.000220652,0.0001116,3.15,1.28,0,43.5,4.79e-05,2396.5,3.379577433,0.00074,5.80814249,598.2268837,293.3850694,39.54164435,-0.579669292,13752,3.41,0.55,20.84,2.35,63.9,0.8,4737.6,361.1,2.26e-06,15394.75,6968.15,532.45,0,138.9,0,0,0,0,0.45678743,-2.206613366,0.468332421,NA,-0.896470799,9/5/18
29,12,20.07152778,100,8,high,2.307656208,0.012392952,0.000460219,0.0001424,1.24,1.5,0,27.52,3.03e-05,1513,3.179838928,0.00128,6.356107661,608.4060366,293.2215278,39.56369835,-0.601723288,64160,4.06,0.73,22.12,2.24,77,0.8,5668.85,402.5,3.82e-06,7201.006,7127.676,87.996,14.666,131.994,14.666,0,0,1466.6,1.553102887,-2.741070312,0.524611451,NA,-0.87218272,9/5/18
30,12,21.50180556,200,8,high,2.444335473,0.01350149,0.000170141,0.0001746,1.68,0.03,0,38.72,4.04e-05,2021.5,3.305673746,0.00152,6.527957918,476.0770489,294.6518056,39.37165107,-0.409676005,46847,5.17,1.58,21.67,2.57,106.3,0.8,5324.8,338.3,7.89e-06,8557.536,10018.077,1419.399,473.133,102.855,0,0,0,0,2.097071663,-1.916323133,0.455592111,NA,-0.861338273,9/5/18
31,12,19.10791667,0,8,high,2.26508058,0.026654536,0.000387096,8.6e-05,0.9,0.16,0,20.91,2.2e-05,1098.5,3.040800061,0.00039,5.167639043,746.584277,292.2579167,39.69414484,-0.732169777,32938,4.16,1.52,21.76,2.77,99,0.8,5391.51,461,4.11e-06,6623.348,3934.002,322.277,77.791,133.356,22.226,0,0,2222.6,2.156781016,-2.361966745,0.377145277,NA,-0.775719481,9/5/18
32,12,23.01354167,300,8,high,2.645079187,0.008464773,0.000555968,0.000249,0,0.81,0,49.08,4.99e-05,2494.5,3.396983508,0.00064,5.66296048,375.9210134,296.1635417,39.17068255,-0.208707492,33877,5.64,2.44,19.03,4.11,104.6,0.8,3610.8,237.8,1.02e-05,9942.576,12526.08,2896.656,600.208,52.192,0,0,0,0,7.650722111,-2.089552901,0.459962949,NA,-0.751904321,9/5/18
33,12,19.32548611,0,9,none,2.232321212,0.017491528,0.000387139,7.08e-05,1.02,0.13,0.89,7.57,9.6e-06,480.5,2.681693392,0.003,7.207859871,803.3292943,292.4754861,39.66461678,-0.70264172,26395,2.97,0.87,20.84,1.74,32.8,0.8,4737.6,273.8,1.49e-06,3856.788,518.076,0,26.568,13.284,0,0,0,0,0.660066199,-2.63386148,0.225890416,NA,-0.44937218,9/5/18
34,12,20.57423611,100,9,none,2.427518773,0.016816712,0.000774348,0.0001398,0,0.63,0,14.38,1.5e-05,750.5,2.875350697,0.00011,3.90197267,618.5851895,293.7242361,39.49598517,-0.534010112,38728,4,1.14,23.86,6.97,92.7,0.8,7108.7,486.2,3.65e-06,5276.362,2075.318,137.844,61.264,76.58,30.632,0,0,3063.2,1.336519161,-2.256385464,0.343577201,NA,-0.447831924,9/5/18
35,12,23.14270833,300,9,none,2.490111129,0.014066659,0.000313202,0.0002766,5.44,0.54,0,14.78,2.08e-05,1038,3.016197354,NA,NA,506.0442392,296.2927083,39.15360638,-0.191631316,124686,3.4,0.93,22.43,1.86,82.6,0.8,5908.01,287.9,2.24e-06,6211.797,1550.981,47.238,23.619,23.619,7.873,0,0,787.3,0.791873877,-2.896161625,0.490410195,NA,-0.526086225,9/5/18
36,12,21.87708333,200,9,none,2.499371294,0.027023412,0.00019537,0.0001102,0.62,0.17,0,36.91,3.77e-05,1885,3.275311355,0.00462,7.639642288,486.2562018,295.0270833,39.32156988,-0.359594822,30630,3.72,1.14,13.43,2.28,35.2,0.7,1133,87.7,2.94e-06,14767.836,4157.744,549.136,58.836,0,0,0,0,0,2.186544922,-2.631177201,0.364671908,NA,-0.775940061,9/5/18
37,12,21.996875,200,10,high,2.585563024,0.028815577,0.000518472,0.0002212,0.28,0.98,0,30.52,3.18e-05,1589,3.201123897,0.00071,5.766757274,445.5395902,295.146875,39.30561038,-0.343635322,39745,4.54,1.45,22.19,7.18,90.8,0.8,5723.4,495.9,5.34e-06,9014.31,6740.43,194.904,97.452,97.452,64.968,0,0,6496.8,0.448055014,-2.346269627,0.3426568,NA,-0.615560873,9/5/18
38,12,23.42173611,300,10,high,2.697759209,0.024911934,0.000512772,0.0003748,5.35,1.37,0,17.57,2.43e-05,1214.5,3.084397519,0.00136,6.416732283,358.8336946,296.5717361,39.11676894,-0.154793875,34257,NA,NA,NA,NA,NA,NA,NA,NA,NA,NA,NA,NA,NA,NA,NA,NA,NA,0,2.995556012,NA,0.516940405,NA,-0.38663831,9/5/18
39,12,21.13694444,100,10,high,2.615796491,0.023111228,0.00033608,0.0002296,1.38,0.04,0,43.19,4.46e-05,2230.5,3.348402228,0.00429,7.565534316,476.0770489,294.2869444,39.4204646,-0.458489535,34257,NA,NA,NA,NA,NA,NA,NA,NA,NA,NA,NA,NA,NA,NA,NA,NA,NA,0,0.608926632,NA,0.326350818,NA,-0.732605737,9/5/18
40,12,20.15215278,0,10,high,2.384641543,0.016953432,0.000491466,0.0001614,1.9,0.41,0,17.09,1.94e-05,970,2.986771734,0.00414,7.529943371,567.689425,293.3021528,39.55282279,-0.590847734,34257,4.35,1.88,21.78,6.99,63.7,0.8,5410.8,308.5,4.7e-06,5583.102,3255.294,190.953,0,45.465,0,0,0,0,2.35022849,-2.262705141,0,NA,-0.602130191,9/5/18
41,12,19.26048611,0,11,none,2.198352814,0.019727669,6.27e-05,0.000101,0.35,0.56,0,17.3,1.82e-05,910.5,2.95927995,0.00029,4.871373227,669.4809539,292.4104861,39.67343384,-0.711458778,20629,3.55,1.45,19.76,2.28,69.4,0.8,4037.3,411,2.55e-06,6942.078,2126.817,36.828,0,101.277,0,0,0,0,2.693159721,-2.284444816,0.609757177,NA,-0.760927136,9/5/18
42,12,20.56152778,100,11,none,2.359839456,0.033126702,0.000205929,0.0003004,0,0.74,0,26.21,2.7e-05,1347.5,3.129528774,0.00135,6.409352175,577.8685779,293.7115278,39.49769409,-0.535719027,26949,3.45,1.48,22.88,2.9,132.9,0.9,6275.54,701.8,2.34e-06,10779.485,2635.605,167.34,41.835,209.175,83.67,41.835,0,12550.5,2.054728495,-2.207474377,0.290312841,NA,-0.769689318,9/5/18
43,12,23.47236111,300,11,none,2.590404116,0.036337421,1e-04,0.0001694,0.45,0.73,0,14.41,1.56e-05,779.5,2.89181612,7e-04,5.752572639,367.377354,296.6223611,39.11009282,-0.148117755,3902,3.85,1.15,18.14,3.58,106.7,0.8,3127.46,463.6,3.26e-06,6602.22,614.16,153.54,153.54,153.54,0,0,0,0,0.468921844,-1.827223901,0.547242222,NA,-0.301412004,9/5/18
44,12,22.11298611,200,11,none,2.609892743,0.024537664,0.001077354,5.86e-05,0.23,0.84,0,2.9,3.97e-06,198.5,2.297760511,0.00092,6.025865974,375.9210134,295.2629861,39.29015359,-0.328178531,2186,2.14,1,6.05,1.21,20.1,0.9,116,30.4,5.59e-07,1285.686,280.314,0,0,0,0,0,0,0,2.093468393,NA,0.408545217,NA,0.312132232,9/5/18
45,12,20.86201389,100,12,low,2.344796787,NA,0.000432279,9.42e-05,0,0.9,0,4.98,5.87e-06,294,2.46834733,0.00043,5.265277512,557.5102721,294.0120139,39.45732666,-0.4953516,4759,4.37,1.45,19.1,5.68,122.8,0.8,3648.2,488.9,4.76e-06,1708.047,745.767,88.209,0,88.209,0,0,0,0,1.475527534,-1.498273687,0.293070474,NA,-0.123550543,9/5/18
46,12,21.83125,200,12,low,2.758448678,0.010818622,0.000160786,0.0004564,8.17,3.24,0,18.77,3.02e-05,1509,3.17868924,0.00251,7.029530336,435.3604373,294.98125,39.32767955,-0.365704493,36845,4.51,1.81,21.28,5.58,69.7,0.8,5044.87,433.4,5.23e-06,9191.136,493.822,171.326,90.702,110.858,20.156,0,0,2015.6,3.3334462,-2.302280589,NA,NA,-0.420240562,9/5/18
47,12,19.81541667,0,12,low,2.290877036,0.028717162,0.000769084,0.0001762,0.98,0.24,2.07,6.43,9.72e-06,486,2.686636269,0.00021,4.548599834,425.1812844,292.9654167,39.59828503,-0.636309973,11486,2.84,0.093,16.34,1.96,29.2,0.8,1037.3,106.2,1.31e-06,3704.3,531.676,61.012,61.012,0,0,0,0,0,0.228723282,-2.267503015,0.166144475,NA,-0.395759233,9/5/18
48,12,23.87409722,300,12,low,2.649608391,0.048606547,0.000777054,0.0002602,0.07,1.56,0,14.54,1.62e-05,808.5,2.907680024,0.00268,7.095064377,307.5717383,297.0240972,39.05719496,-0.095219904,31571,2.91,0.62,24.54,2.79,145.2,0.8,7740.16,656.8,1.41e-06,4973.44,2339.071,170.962,77.71,116.565,23.313,23.313,0,4662.6,0.557660233,-2.251161195,0.556778642,NA,-0.258071633,9/5/18